test_type,N,baseline_days,true_P,fit_P,LS_power,true_K,fit_K,true_e,fit_e,Status
Observational,100,200,21.1668,21.0778,31.75,45.00,44.88,0.650,0.650,Success
Observational,100,200,21.1668,21.2158,29.88,45.00,44.93,0.650,0.648,Success
Observational,100,200,21.1668,21.0882,30.03,45.00,45.01,0.650,0.649,Success
Observational,100,200,21.1668,21.3996,30.77,45.00,45.18,0.650,0.650,Success
Observational,100,200,21.1668,21.1634,30.55,45.00,44.90,0.650,0.648,Success
Observational,100,200,21.1668,21.0339,33.56,45.00,45.15,0.650,0.651,Success
Observational,100,200,21.1668,21.1206,29.12,45.00,45.08,0.650,0.651,Success
Observational,100,200,21.1668,21.1815,34.27,45.00,45.15,0.650,0.651,Success
Observational,100,200,21.1668,21.1881,32.73,45.00,45.28,0.650,0.650,Success
Observational,100,200,21.1668,21.0332,32.15,45.00,45.07,0.650,0.651,Success
Observational,100,200,21.1668,21.2159,33.62,45.00,44.87,0.650,0.650,Success
Observational,100,200,21.1668,21.2077,29.68,45.00,45.05,0.650,0.650,Success
Observational,100,200,21.1668,21.0690,33.55,45.00,44.94,0.650,0.649,Success
Observational,100,200,21.1668,21.1824,32.36,45.00,45.10,0.650,0.651,Success
Observational,100,200,21.1668,21.2499,32.01,45.00,45.00,0.650,0.651,Success
Observational,100,200,21.1668,20.9639,33.57,45.00,44.92,0.650,0.649,Success
Observational,100,200,21.1668,21.1885,33.28,45.00,44.93,0.650,0.650,Success
Observational,100,200,21.1668,21.2660,32.05,45.00,45.36,0.650,0.654,Success
Observational,100,200,21.1668,21.2596,33.14,45.00,44.83,0.650,0.649,Success
Observational,100,200,21.1668,21.1333,30.86,45.00,45.06,0.650,0.651,Success
Observational,100,200,21.1668,21.0869,30.58,45.00,45.02,0.650,0.651,Success
Observational,100,200,21.1668,21.3177,33.62,45.00,44.97,0.650,0.649,Success
Observational,100,200,21.1668,21.0285,32.40,45.00,45.41,0.650,0.654,Success
Observational,100,200,21.1668,21.0250,29.43,45.00,45.12,0.650,0.650,Success
Observational,100,200,21.1668,21.3869,32.72,45.00,45.03,0.650,0.650,Success
Observational,100,200,21.1668,21.2612,34.60,45.00,44.71,0.650,0.648,Success
Observational,100,200,21.1668,21.3034,32.03,45.00,45.06,0.650,0.650,Success
Observational,100,200,21.1668,21.1908,30.99,45.00,44.98,0.650,0.650,Success
Observational,100,200,21.1668,21.1030,30.84,45.00,44.98,0.650,0.651,Success
Observational,100,200,21.1668,21.1657,33.38,45.00,45.10,0.650,0.649,Success
Observational,100,200,21.1668,21.2767,32.23,45.00,44.84,0.650,0.649,Success
Observational,100,200,21.1668,20.9883,32.30,45.00,44.89,0.650,0.649,Success
Observational,100,200,21.1668,21.1118,28.58,45.00,45.08,0.650,0.650,Success
Observational,100,200,21.1668,21.0282,32.60,45.00,45.02,0.650,0.649,Success
Observational,100,200,21.1668,21.3456,30.01,45.00,44.85,0.650,0.649,Success
Observational,100,200,21.1668,21.0328,34.09,45.00,44.98,0.650,0.651,Success
Observational,100,200,21.1668,21.0057,31.58,45.00,44.94,0.650,0.650,Success
Observational,100,200,21.1668,21.1547,31.76,45.00,44.89,0.650,0.647,Success
Observational,100,200,21.1668,21.1652,32.14,45.00,45.01,0.650,0.651,Success
Observational,100,200,21.1668,21.4193,33.16,45.00,44.91,0.650,0.650,Success
Observational,100,200,21.1668,21.0654,32.81,45.00,45.20,0.650,0.652,Success
Observational,100,200,21.1668,21.0138,32.91,45.00,44.81,0.650,0.647,Success
Observational,100,200,21.1668,21.1320,33.85,45.00,45.02,0.650,0.650,Success
Observational,100,200,21.1668,20.9302,32.23,45.00,45.22,0.650,0.653,Success
Observational,100,200,21.1668,21.1393,33.65,45.00,44.99,0.650,0.648,Success
Observational,100,200,21.1668,21.1663,28.97,45.00,45.00,0.650,0.650,Success
Observational,100,200,21.1668,21.4071,33.74,45.00,45.13,0.650,0.650,Success
Observational,100,200,21.1668,21.3337,30.01,45.00,44.95,0.650,0.651,Success
Observational,100,200,21.1668,20.9986,30.76,45.00,44.80,0.650,0.650,Success
Observational,100,200,21.1668,21.3151,32.15,45.00,44.99,0.650,0.649,Success
Observational,100,200,21.1668,21.0079,32.26,45.00,44.84,0.650,0.650,Success
Observational,100,200,21.1668,20.8014,32.33,45.00,44.91,0.650,0.649,Success
Observational,100,200,21.1668,21.1826,34.09,45.00,44.79,0.650,0.651,Success
Observational,100,200,21.1668,21.3555,29.34,45.00,44.98,0.650,0.650,Success
Observational,100,200,21.1668,21.0766,29.96,45.00,45.18,0.650,0.652,Success
Observational,100,200,21.1668,21.2406,32.85,45.00,44.84,0.650,0.650,Success
Observational,100,200,21.1668,21.1327,31.61,45.00,44.88,0.650,0.648,Success
Observational,100,200,21.1668,21.1765,33.85,45.00,44.98,0.650,0.649,Success
Observational,100,200,21.1668,21.2176,32.49,45.00,45.14,0.650,0.651,Success
Observational,100,200,21.1668,21.2522,31.41,45.00,44.84,0.650,0.647,Success
Observational,100,200,21.1668,21.1298,33.86,45.00,44.95,0.650,0.651,Success
Observational,100,200,21.1668,21.0927,32.78,45.00,45.29,0.650,0.655,Success
Observational,100,200,21.1668,21.3048,29.84,45.00,44.89,0.650,0.649,Success
Observational,100,200,21.1668,21.0650,31.22,45.00,44.87,0.650,0.649,Success
Observational,100,200,21.1668,21.1813,30.83,45.00,45.14,0.650,0.652,Success
Observational,100,200,21.1668,21.0940,28.52,45.00,44.81,0.650,0.648,Success
Observational,100,200,21.1668,21.2019,32.28,45.00,45.10,0.650,0.650,Success
Observational,100,200,21.1668,21.1515,30.74,45.00,44.90,0.650,0.650,Success
Observational,100,200,21.1668,21.2312,33.10,45.00,44.96,0.650,0.650,Success
Observational,100,200,21.1668,21.0753,33.02,45.00,45.22,0.650,0.649,Success
Observational,80,200,21.1668,21.2538,25.36,45.00,45.29,0.650,0.652,Success
Observational,80,200,21.1668,21.0042,24.89,45.00,45.09,0.650,0.651,Success
Observational,80,200,21.1668,20.9194,29.72,45.00,44.99,0.650,0.649,Success
Observational,80,200,21.1668,21.0845,23.45,45.00,44.85,0.650,0.648,Success
Observational,80,200,21.1668,21.1765,26.56,45.00,44.80,0.650,0.650,Success
Observational,80,200,21.1668,21.1100,25.40,45.00,45.18,0.650,0.652,Success
Observational,80,200,21.1668,20.9474,25.89,45.00,45.04,0.650,0.653,Success
Observational,80,200,21.1668,21.0854,24.41,45.00,44.98,0.650,0.651,Success
Observational,80,200,21.1668,21.1690,27.00,45.00,45.03,0.650,0.651,Success
Observational,80,200,21.1668,21.0375,24.51,45.00,45.01,0.650,0.649,Success
Observational,80,200,21.1668,21.1844,25.43,45.00,44.99,0.650,0.651,Success
Observational,80,200,21.1668,21.1351,24.08,45.00,45.06,0.650,0.650,Success
Observational,80,200,21.1668,21.2879,25.90,45.00,44.78,0.650,0.649,Success
Observational,80,200,21.1668,21.0817,24.31,45.00,45.18,0.650,0.652,Success
Observational,80,200,21.1668,21.0579,24.15,45.00,45.15,0.650,0.649,Success
Observational,80,200,21.1668,21.1595,25.76,45.00,44.69,0.650,0.647,Success
Observational,80,200,21.1668,21.0596,26.57,45.00,45.02,0.650,0.651,Success
Observational,80,200,21.1668,21.0081,25.69,45.00,45.34,0.650,0.652,Success
Observational,80,200,21.1668,20.8060,28.03,45.00,44.77,0.650,0.648,Success
Observational,80,200,21.1668,21.2786,26.42,45.00,44.91,0.650,0.651,Success
Observational,80,200,21.1668,21.1749,25.37,45.00,44.92,0.650,0.650,Success
Observational,80,200,21.1668,20.9152,26.00,45.00,44.98,0.650,0.650,Success
Observational,80,200,21.1668,21.0294,25.43,45.00,44.94,0.650,0.648,Success
Observational,80,200,21.1668,21.1433,26.10,45.00,44.80,0.650,0.647,Success
Observational,80,200,21.1668,20.9762,26.85,45.00,44.84,0.650,0.650,Success
Observational,80,200,21.1668,21.2631,24.57,45.00,45.13,0.650,0.648,Success
Observational,80,200,21.1668,21.2500,28.43,45.00,44.93,0.650,0.651,Success
Observational,80,200,21.1668,21.0573,28.79,45.00,44.74,0.650,0.648,Success
Observational,80,200,21.1668,21.2149,23.57,45.00,44.93,0.650,0.648,Success
Observational,80,200,21.1668,21.1517,27.01,45.00,45.01,0.650,0.650,Success
Observational,80,200,21.1668,21.2153,24.86,45.00,44.80,0.650,0.651,Success
Observational,80,200,21.1668,21.3331,24.91,45.00,44.92,0.650,0.651,Success
Observational,80,200,21.1668,21.2759,26.78,45.00,45.05,0.650,0.652,Success
Observational,80,200,21.1668,21.2569,26.19,45.00,44.93,0.650,0.650,Success
Observational,80,200,21.1668,21.1991,25.18,45.00,45.07,0.650,0.652,Success
Observational,80,200,21.1668,21.0055,25.15,45.00,45.09,0.650,0.650,Success
Observational,80,200,21.1668,21.1612,26.23,45.00,44.96,0.650,0.651,Success
Observational,80,200,21.1668,21.3081,24.68,45.00,45.11,0.650,0.649,Success
Observational,80,200,21.1668,21.1760,25.31,45.00,45.05,0.650,0.650,Success
Observational,80,200,21.1668,21.3669,25.93,45.00,45.30,0.650,0.653,Success
Observational,80,200,21.1668,21.0536,27.46,45.00,44.70,0.650,0.644,Success
Observational,80,200,21.1668,20.7899,27.79,45.00,44.76,0.650,0.647,Success
Observational,80,200,21.1668,21.1283,26.50,45.00,45.00,0.650,0.649,Success
Observational,80,200,21.1668,20.9639,24.08,45.00,44.78,0.650,0.647,Success
Observational,80,200,21.1668,21.1200,23.80,45.00,45.00,0.650,0.650,Success
Observational,80,200,21.1668,21.2249,23.29,45.00,45.16,0.650,0.652,Success
Observational,80,200,21.1668,21.2598,27.07,45.00,44.74,0.650,0.647,Success
Observational,80,200,21.1668,21.2754,25.19,45.00,45.03,0.650,0.650,Success
Observational,80,200,21.1668,21.1477,24.26,45.00,45.10,0.650,0.653,Success
Observational,80,200,21.1668,21.1999,25.24,45.00,44.94,0.650,0.651,Success
Observational,80,200,21.1668,21.0374,23.23,45.00,45.03,0.650,0.647,Success
Observational,80,200,21.1668,21.0123,24.87,45.00,44.87,0.650,0.649,Success
Observational,80,200,21.1668,21.2590,24.18,45.00,44.92,0.650,0.651,Success
Observational,80,200,21.1668,21.3223,24.40,45.00,45.00,0.650,0.652,Success
Observational,80,200,21.1668,21.0768,24.63,45.00,44.89,0.650,0.651,Success
Observational,80,200,21.1668,21.2199,26.59,45.00,45.16,0.650,0.652,Success
Observational,80,200,21.1668,21.2399,27.47,45.00,44.89,0.650,0.649,Success
Observational,80,200,21.1668,20.9021,25.05,45.00,44.78,0.650,0.650,Success
Observational,80,200,21.1668,21.4893,27.92,45.00,45.03,0.650,0.650,Success
Observational,80,200,21.1668,21.1520,22.83,45.00,44.99,0.650,0.652,Success
Observational,80,200,21.1668,21.2843,25.90,45.00,44.94,0.650,0.650,Success
Observational,80,200,21.1668,21.3750,24.39,45.00,45.06,0.650,0.653,Success
Observational,80,200,21.1668,20.9832,26.65,45.00,45.13,0.650,0.653,Success
Observational,80,200,21.1668,21.0468,26.44,45.00,44.91,0.650,0.648,Success
Observational,80,200,21.1668,21.2422,24.51,45.00,45.07,0.650,0.649,Success
Observational,80,200,21.1668,21.0591,24.56,45.00,44.88,0.650,0.648,Success
Observational,80,200,21.1668,21.3720,25.23,45.00,45.17,0.650,0.651,Success
Observational,80,200,21.1668,21.0497,23.94,45.00,45.03,0.650,0.650,Success
Observational,80,200,21.1668,21.4500,25.81,45.00,44.86,0.650,0.647,Success
Observational,80,200,21.1668,21.1056,26.34,45.00,44.91,0.650,0.649,Success
Observational,60,200,21.1668,21.1130,18.41,45.00,44.76,0.650,0.649,Success
Observational,60,200,21.1668,21.1047,20.51,45.00,44.67,0.650,0.647,Success
Observational,60,200,21.1668,21.2946,19.88,45.00,44.71,0.650,0.647,Success
Observational,60,200,21.1668,21.2528,16.75,45.00,45.22,0.650,0.650,Success
Observational,60,200,21.1668,21.1169,17.97,45.00,44.86,0.650,0.648,Success
Observational,60,200,21.1668,21.1004,16.55,45.00,45.05,0.650,0.653,Success
Observational,60,200,21.1668,20.9514,19.88,45.00,45.09,0.650,0.653,Success
Observational,60,200,21.1668,21.0630,18.59,45.00,44.78,0.650,0.648,Success
Observational,60,200,21.1668,21.2618,19.98,45.00,44.77,0.650,0.646,Success
Observational,60,200,21.1668,20.9489,19.96,45.00,44.95,0.650,0.649,Success
Observational,60,200,21.1668,20.8802,20.11,45.00,45.22,0.650,0.652,Success
Observational,60,200,21.1668,21.0807,18.43,45.00,45.18,0.650,0.651,Success
Observational,60,200,21.1668,21.0908,17.98,45.00,45.05,0.650,0.647,Success
Observational,60,200,21.1668,21.3291,20.25,45.00,45.12,0.650,0.653,Success
Observational,60,200,21.1668,21.2761,18.21,45.00,44.91,0.650,0.650,Success
Observational,60,200,21.1668,21.3948,18.74,45.00,45.04,0.650,0.653,Success
Observational,60,200,21.1668,21.0786,16.29,45.00,45.20,0.650,0.651,Success
Observational,60,200,21.1668,20.7940,20.84,45.00,45.43,0.650,0.653,Success
Observational,60,200,21.1668,20.8927,20.49,45.00,44.88,0.650,0.650,Success
Observational,60,200,21.1668,20.9180,21.59,45.00,45.20,0.650,0.651,Success
Observational,60,200,21.1668,20.9994,19.52,45.00,45.03,0.650,0.651,Success
Observational,60,200,21.1668,21.1755,18.71,45.00,45.07,0.650,0.650,Success
Observational,60,200,21.1668,21.1462,21.93,45.00,44.88,0.650,0.649,Success
Observational,60,200,21.1668,20.9279,21.43,45.00,45.16,0.650,0.651,Success
Observational,60,200,21.1668,20.9919,19.99,45.00,44.84,0.650,0.650,Success
Observational,60,200,21.1668,20.9747,17.58,45.00,44.98,0.650,0.650,Success
Observational,60,200,21.1668,21.0771,16.54,45.00,44.99,0.650,0.649,Success
Observational,60,200,21.1668,21.2305,21.96,45.00,45.14,0.650,0.652,Success
Observational,60,200,21.1668,21.2492,16.72,45.00,45.05,0.650,0.650,Success
Observational,60,200,21.1668,21.2037,20.54,45.00,45.24,0.650,0.655,Success
Observational,60,200,21.1668,21.1390,19.74,45.00,44.94,0.650,0.652,Success
Observational,60,200,21.1668,21.2951,21.19,45.00,45.09,0.650,0.649,Success
Observational,60,200,21.1668,21.1271,19.88,45.00,44.62,0.650,0.646,Success
Observational,60,200,21.1668,21.2181,16.10,45.00,45.03,0.650,0.651,Success
Observational,60,200,21.1668,21.1435,19.20,45.00,45.12,0.650,0.648,Success
Observational,60,200,21.1668,21.2322,20.95,45.00,45.40,0.650,0.657,Success
Observational,60,200,21.1668,21.1338,19.24,45.00,45.31,0.650,0.653,Success
Observational,60,200,21.1668,21.2183,20.40,45.00,44.95,0.650,0.649,Success
Observational,60,200,21.1668,21.5220,20.96,45.00,44.92,0.650,0.648,Success
Observational,60,200,21.1668,20.9054,21.21,45.00,45.10,0.650,0.650,Success
Observational,60,200,21.1668,21.2384,20.16,45.00,44.73,0.650,0.644,Success
Observational,60,200,21.1668,21.4882,19.49,45.00,45.26,0.650,0.651,Success
Observational,60,200,21.1668,21.2438,19.59,45.00,45.14,0.650,0.651,Success
Observational,60,200,21.1668,21.2136,16.91,45.00,44.89,0.650,0.649,Success
Observational,60,200,21.1668,21.0341,18.92,45.00,45.07,0.650,0.650,Success
Observational,60,200,21.1668,21.3274,18.52,45.00,45.08,0.650,0.651,Success
Observational,60,200,21.1668,21.2930,20.58,45.00,44.80,0.650,0.649,Success
Observational,60,200,21.1668,21.2695,19.22,45.00,45.23,0.650,0.656,Success
Observational,60,200,21.1668,21.3605,18.88,45.00,45.02,0.650,0.652,Success
Observational,60,200,21.1668,21.2649,20.23,45.00,44.87,0.650,0.649,Success
Observational,60,200,21.1668,21.0866,19.51,45.00,45.15,0.650,0.652,Success
Observational,60,200,21.1668,21.1407,16.25,45.00,45.09,0.650,0.652,Success
Observational,60,200,21.1668,21.3419,20.74,45.00,44.88,0.650,0.651,Success
Observational,60,200,21.1668,21.3275,19.39,45.00,45.06,0.650,0.650,Success
Observational,60,200,21.1668,21.0680,19.39,45.00,44.63,0.650,0.646,Success
Observational,60,200,21.1668,21.3708,17.58,45.00,44.81,0.650,0.650,Success
Observational,60,200,21.1668,20.9674,20.60,45.00,44.79,0.650,0.646,Success
Observational,60,200,21.1668,20.9204,18.44,45.00,45.18,0.650,0.652,Success
Observational,60,200,21.1668,20.8819,21.15,45.00,45.06,0.650,0.650,Success
Observational,60,200,21.1668,21.2004,17.42,45.00,44.96,0.650,0.652,Success
Observational,60,200,21.1668,21.3965,18.89,45.00,45.03,0.650,0.648,Success
Observational,60,200,21.1668,21.0954,19.76,45.00,45.04,0.650,0.649,Success
Observational,60,200,21.1668,21.3116,20.29,45.00,45.03,0.650,0.651,Success
Observational,60,200,21.1668,21.2734,18.09,45.00,45.21,0.650,0.652,Success
Observational,60,200,21.1668,21.1954,19.04,45.00,44.89,0.650,0.647,Success
Observational,60,200,21.1668,21.2978,16.77,45.00,44.94,0.650,0.651,Success
Observational,60,200,21.1668,21.0698,18.62,45.00,45.00,0.650,0.650,Success
Observational,60,200,21.1668,20.9265,18.72,45.00,44.79,0.650,0.650,Success
Observational,60,200,21.1668,21.5329,19.03,45.00,45.05,0.650,0.650,Success
Observational,60,200,21.1668,21.0681,18.78,45.00,44.97,0.650,0.649,Success
Observational,40,200,21.1668,21.2700,11.61,45.00,45.15,0.650,0.648,Success
Observational,40,200,21.1668,21.2725,11.48,45.00,45.04,0.650,0.650,Success
Observational,40,200,21.1668,21.1249,11.37,45.00,44.83,0.650,0.648,Success
Observational,40,200,21.1668,21.0690,14.53,45.00,44.90,0.650,0.649,Success
Observational,40,200,21.1668,20.7799,15.51,45.00,45.13,0.650,0.654,Success
Observational,40,200,21.1668,21.1018,12.91,45.00,45.28,0.650,0.655,Success
Observational,40,200,21.1668,21.1910,12.39,45.00,44.92,0.650,0.645,Success
Observational,40,200,21.1668,21.1618,12.84,45.00,45.27,0.650,0.657,Success
Observational,40,200,21.1668,21.1319,12.10,45.00,45.08,0.650,0.652,Success
Observational,40,200,21.1668,21.1487,12.56,45.00,45.05,0.650,0.649,Success
Observational,40,200,21.1668,20.9822,12.20,45.00,44.74,0.650,0.652,Success
Observational,40,200,21.1668,21.2173,13.51,45.00,45.12,0.650,0.654,Success
Observational,40,200,21.1668,21.0149,12.33,45.00,44.51,0.650,0.648,Success
Observational,40,200,21.1668,20.9231,13.43,45.00,45.38,0.650,0.658,Success
Observational,40,200,21.1668,21.0457,12.30,45.00,44.88,0.650,0.650,Success
Observational,40,200,21.1668,20.9848,12.74,45.00,44.93,0.650,0.650,Success
Observational,40,200,21.1668,21.1607,13.23,45.00,44.75,0.650,0.650,Success
Observational,40,200,21.1668,21.4252,12.70,45.00,44.88,0.650,0.647,Success
Observational,40,200,21.1668,21.0129,11.48,45.00,44.66,0.650,0.647,Success
Observational,40,200,21.1668,21.0650,14.51,45.00,45.10,0.650,0.652,Success
Observational,40,200,21.1668,21.3419,13.18,45.00,45.10,0.650,0.650,Success
Observational,40,200,21.1668,21.2296,15.02,45.00,45.12,0.650,0.652,Success
Observational,40,200,21.1668,21.2593,16.25,45.00,44.80,0.650,0.648,Success
Observational,40,200,21.1668,21.4611,15.25,45.00,45.25,0.650,0.647,Success
Observational,40,200,21.1668,21.1960,16.32,45.00,45.49,0.650,0.654,Success
Observational,40,200,21.1668,21.0085,13.66,45.00,44.76,0.650,0.645,Success
Observational,40,200,21.1668,21.0887,12.14,45.00,44.95,0.650,0.652,Success
Observational,40,200,21.1668,21.1171,13.04,45.00,45.08,0.650,0.652,Success
Observational,40,200,21.1668,20.8606,15.76,45.00,44.52,0.650,0.645,Success
Observational,40,200,21.1668,21.4512,12.49,45.00,45.10,0.650,0.648,Success
Observational,40,200,21.1668,21.2234,12.10,45.00,45.20,0.650,0.651,Success
Observational,40,200,21.1668,21.3352,12.59,45.00,45.22,0.650,0.653,Success
Observational,40,200,21.1668,21.3947,13.87,45.00,44.27,0.650,0.641,Success
Observational,40,200,21.1668,21.1454,11.93,45.00,44.98,0.650,0.650,Success
Observational,40,200,21.1668,21.0333,12.84,45.00,44.85,0.650,0.647,Success
Observational,40,200,21.1668,21.0908,13.26,45.00,45.65,0.650,0.657,Success
Observational,40,200,21.1668,21.0532,14.11,45.00,45.83,0.650,0.657,Success
Observational,40,200,21.1668,21.2485,13.89,45.00,46.21,0.650,0.660,Success
Observational,40,200,21.1668,20.8651,12.99,45.00,45.50,0.650,0.651,Success
Observational,40,200,21.1668,20.9891,12.57,45.00,45.44,0.650,0.654,Success
Observational,40,200,21.1668,20.9407,15.59,45.00,46.85,0.650,0.666,Success
Observational,40,200,21.1668,21.2899,11.83,45.00,44.90,0.650,0.652,Success
Observational,40,200,21.1668,21.3130,14.43,45.00,370.24,0.650,0.950,Success
Observational,40,200,21.1668,20.9308,13.77,45.00,44.96,0.650,0.646,Success
Observational,40,200,21.1668,21.2449,14.53,45.00,44.53,0.650,0.641,Success
Observational,40,200,21.1668,21.2670,13.02,45.00,44.81,0.650,0.651,Success
Observational,40,200,21.1668,21.1553,11.83,45.00,45.10,0.650,0.650,Success
Observational,40,200,21.1668,21.3164,12.58,45.00,44.71,0.650,0.645,Success
Observational,40,200,21.1668,20.9099,11.90,45.00,44.92,0.650,0.645,Success
Observational,40,200,21.1668,21.2123,14.26,45.00,45.05,0.650,0.649,Success
Observational,40,200,21.1668,21.2343,13.44,45.00,42.91,0.650,0.636,Success
Observational,40,200,21.1668,21.4742,15.13,45.00,45.12,0.650,0.648,Success
Observational,40,200,21.1668,21.3729,13.52,45.00,44.99,0.650,0.649,Success
Observational,40,200,21.1668,21.3241,10.78,45.00,45.23,0.650,0.651,Success
Observational,40,200,21.1668,21.2842,13.42,45.00,44.90,0.650,0.654,Success
Observational,40,200,21.1668,21.2299,13.89,45.00,44.72,0.650,0.650,Success
Observational,40,200,21.1668,21.0497,11.89,45.00,44.97,0.650,0.651,Success
Observational,40,200,21.1668,21.4865,11.73,45.00,44.78,0.650,0.651,Success
Observational,40,200,21.1668,21.3754,14.33,45.00,45.24,0.650,0.654,Success
Observational,40,200,21.1668,20.7566,13.38,45.00,44.93,0.650,0.652,Success
Observational,40,200,21.1668,21.3249,13.57,45.00,44.63,0.650,0.648,Success
Observational,40,200,21.1668,21.4428,14.25,45.00,45.04,0.650,0.648,Success
Observational,40,200,21.1668,21.2808,12.59,45.00,44.71,0.650,0.649,Success
Observational,40,200,21.1668,21.0760,15.09,45.00,44.21,0.650,0.641,Success
Observational,40,200,21.1668,21.2527,12.66,45.00,45.00,0.650,0.651,Success
Observational,40,200,21.1668,21.1058,12.08,45.00,45.04,0.650,0.652,Success
Observational,40,200,21.1668,21.0900,13.56,45.00,45.13,0.650,0.652,Success
Observational,40,200,21.1668,21.2294,12.97,45.00,45.19,0.650,0.650,Success
Observational,40,200,21.1668,21.7923,13.25,45.00,45.10,0.650,0.647,Success
Observational,40,200,21.1668,21.2283,13.71,45.00,45.31,0.650,0.652,Success
Observational,30,200,21.1668,20.9152,10.24,45.00,44.73,0.650,0.644,Success
Observational,30,200,21.1668,21.1912,9.43,45.00,45.31,0.650,0.652,Success
Observational,30,200,21.1668,21.1749,11.15,45.00,44.54,0.650,0.645,Success
Observational,30,200,21.1668,20.9082,10.44,45.00,45.11,0.650,0.653,Success
Observational,30,200,21.1668,21.0287,10.98,45.00,45.10,0.650,0.651,Success
Observational,30,200,21.1668,21.2473,10.36,45.00,45.27,0.650,0.654,Success
Observational,30,200,21.1668,21.4240,10.74,45.00,44.83,0.650,0.647,Success
Observational,30,200,21.1668,20.9141,10.01,45.00,45.12,0.650,0.651,Success
Observational,30,200,21.1668,21.3580,9.92,45.00,45.07,0.650,0.652,Success
Observational,30,200,21.1668,21.5200,10.52,45.00,45.33,0.650,0.653,Success
Observational,30,200,21.1668,21.0620,8.79,45.00,44.85,0.650,0.646,Success
Observational,30,200,21.1668,21.1006,10.33,45.00,45.83,0.650,0.659,Success
Observational,30,200,21.1668,21.3335,12.01,45.00,42.33,0.650,0.620,Success
Observational,30,200,21.1668,20.6677,10.24,45.00,45.04,0.650,0.655,Success
Observational,30,200,21.1668,21.0999,9.03,45.00,45.55,0.650,0.658,Success
Observational,30,200,21.1668,8.1414,9.00,45.00,27.28,0.650,0.325,Success
Observational,30,200,21.1668,21.0260,8.74,45.00,44.61,0.650,0.649,Success
Observational,30,200,21.1668,20.8083,10.48,45.00,45.97,0.650,0.655,Success
Observational,30,200,21.1668,21.2803,9.10,45.00,45.25,0.650,0.650,Success
Observational,30,200,21.1668,20.9920,8.24,45.00,45.06,0.650,0.653,Success
Observational,30,200,21.1668,20.8468,8.64,45.00,45.05,0.650,0.652,Success
Observational,30,200,21.1668,21.0258,11.21,45.00,44.93,0.650,0.649,Success
Observational,30,200,21.1668,21.2013,10.22,45.00,45.13,0.650,0.652,Success
Observational,30,200,21.1668,21.3437,9.80,45.00,44.66,0.650,0.645,Success
Observational,30,200,21.1668,21.3684,9.55,45.00,44.97,0.650,0.651,Success
Observational,30,200,21.1668,21.3991,8.54,45.00,45.17,0.650,0.653,Success
Observational,30,200,21.1668,21.2998,8.99,45.00,44.59,0.650,0.647,Success
Observational,30,200,21.1668,21.6349,11.69,45.00,44.80,0.650,0.651,Success
Observational,30,200,21.1668,21.1076,11.38,45.00,41.46,0.650,0.618,Success
Observational,30,200,21.1668,21.0521,9.82,45.00,45.07,0.650,0.652,Success
Observational,30,200,21.1668,21.3872,9.24,45.00,42.26,0.650,0.630,Success
Observational,30,200,21.1668,20.8861,11.84,45.00,45.01,0.650,0.650,Success
Observational,30,200,21.1668,21.2002,10.88,45.00,44.60,0.650,0.641,Success
Observational,30,200,21.1668,20.9253,11.41,45.00,46.59,0.650,0.663,Success
Observational,30,200,21.1668,21.0477,10.90,45.00,44.91,0.650,0.652,Success
Observational,30,200,21.1668,21.1123,10.88,45.00,44.85,0.650,0.647,Success
Observational,30,200,21.1668,21.2742,9.78,45.00,44.58,0.650,0.644,Success
Observational,30,200,21.1668,20.7280,10.04,45.00,46.70,0.650,0.664,Success
Observational,30,200,21.1668,20.9720,8.91,45.00,45.11,0.650,0.650,Success
Observational,30,200,21.1668,21.2096,8.45,45.00,44.71,0.650,0.653,Success
Observational,30,200,21.1668,21.0225,10.18,45.00,44.87,0.650,0.648,Success
Observational,30,200,21.1668,21.2497,11.62,45.00,43.97,0.650,0.639,Success
Observational,30,200,21.1668,21.2299,10.58,45.00,44.79,0.650,0.644,Success
Observational,30,200,21.1668,21.2927,10.19,45.00,44.76,0.650,0.649,Success
Observational,30,200,21.1668,20.8466,9.96,45.00,44.82,0.650,0.647,Success
Observational,30,200,21.1668,21.0548,8.96,45.00,44.92,0.650,0.650,Success
Observational,30,200,21.1668,21.3083,7.45,45.00,44.95,0.650,0.657,Success
Observational,30,200,21.1668,21.0028,9.00,45.00,45.37,0.650,0.650,Success
Observational,30,200,21.1668,20.7520,8.34,45.00,44.70,0.650,0.644,Success
Observational,30,200,21.1668,21.2018,8.92,45.00,45.37,0.650,0.650,Success
Observational,30,200,21.1668,21.0780,9.13,45.00,44.90,0.650,0.646,Success
Observational,30,200,21.1668,21.6045,8.90,45.00,45.26,0.650,0.654,Success
Observational,30,200,21.1668,21.1228,8.23,45.00,44.76,0.650,0.649,Success
Observational,30,200,21.1668,21.2661,10.60,45.00,44.78,0.650,0.646,Success
Observational,30,200,21.1668,21.3467,8.94,45.00,44.78,0.650,0.650,Success
Observational,30,200,21.1668,21.3461,10.56,45.00,44.51,0.650,0.642,Success
Observational,30,200,21.1668,21.2804,11.43,45.00,45.11,0.650,0.647,Success
Observational,30,200,21.1668,21.0392,10.00,45.00,44.87,0.650,0.651,Success
Observational,30,200,21.1668,21.6227,9.56,45.00,45.24,0.650,0.654,Success
Observational,30,200,21.1668,21.1316,9.54,45.00,44.88,0.650,0.654,Success
Observational,30,200,21.1668,21.0671,8.84,45.00,44.95,0.650,0.649,Success
Observational,30,200,21.1668,21.1224,8.77,45.00,44.85,0.650,0.650,Success
Observational,30,200,21.1668,21.0096,11.85,45.00,44.97,0.650,0.651,Success
Observational,30,200,21.1668,21.4074,9.18,45.00,44.85,0.650,0.650,Success
Observational,30,200,21.1668,21.3118,8.91,45.00,44.88,0.650,0.653,Success
Observational,30,200,21.1668,20.9421,10.55,45.00,45.61,0.650,0.660,Success
Observational,30,200,21.1668,20.8299,8.47,45.00,44.87,0.650,0.650,Success
Observational,30,200,21.1668,21.0944,8.68,45.00,45.06,0.650,0.647,Success
Observational,30,200,21.1668,21.1307,11.30,45.00,45.80,0.650,0.658,Success
Observational,30,200,21.1668,21.1585,9.92,45.00,44.70,0.650,0.648,Success
Observational,20,200,21.1668,21.1277,7.51,45.00,55.57,0.650,0.718,Success
Observational,20,200,21.1668,20.2747,7.12,45.00,47.15,0.650,0.667,Success
Observational,20,200,21.1668,89.8170,5.75,45.00,81.69,0.650,0.578,Success
Observational,20,200,21.1668,20.7919,5.79,45.00,45.44,0.650,0.652,Success
Observational,20,200,21.1668,20.9632,7.06,45.00,47.59,0.650,0.676,Success
Observational,20,200,21.1668,21.0171,6.58,45.00,44.85,0.650,0.647,Success
Observational,20,200,21.1668,21.2957,6.46,45.00,44.81,0.650,0.648,Success
Observational,20,200,21.1668,21.1252,7.36,45.00,45.97,0.650,0.658,Success
Observational,20,200,21.1668,21.3430,6.63,45.00,45.08,0.650,0.648,Success
Observational,20,200,21.1668,21.4681,6.68,45.00,45.26,0.650,0.655,Success
Observational,20,200,21.1668,20.9509,7.45,45.00,44.81,0.650,0.650,Success
Observational,20,200,21.1668,21.4899,7.42,45.00,44.74,0.650,0.644,Success
Observational,20,200,21.1668,21.5195,6.40,45.00,44.57,0.650,0.649,Success
Observational,20,200,21.1668,21.8704,7.51,45.00,44.48,0.650,0.644,Success
Observational,20,200,21.1668,21.0018,5.62,45.00,44.46,0.650,0.648,Success
Observational,20,200,21.1668,21.0987,5.26,45.00,45.10,0.650,0.649,Success
Observational,20,200,21.1668,20.9868,5.99,45.00,45.69,0.650,0.655,Success
Observational,20,200,21.1668,21.1637,6.44,45.00,44.11,0.650,0.638,Success
Observational,20,200,21.1668,20.6386,7.24,45.00,44.60,0.650,0.647,Success
Observational,20,200,21.1668,21.0516,5.84,45.00,44.87,0.650,0.644,Success
Observational,20,200,21.1668,20.9482,6.79,45.00,44.47,0.650,0.641,Success
Observational,20,200,21.1668,21.2331,7.64,45.00,45.83,0.650,0.646,Success
Observational,20,200,21.1668,20.7969,6.83,45.00,43.88,0.650,0.639,Success
Observational,20,200,21.1668,20.3323,6.50,45.00,45.12,0.650,0.657,Success
Observational,20,200,21.1668,21.4718,6.97,45.00,46.82,0.650,0.667,Success
Observational,20,200,21.1668,20.8370,7.36,45.00,46.10,0.650,0.654,Success
Observational,20,200,21.1668,21.5201,7.64,45.00,45.29,0.650,0.650,Success
Observational,20,200,21.1668,20.9500,6.99,45.00,45.17,0.650,0.652,Success
Observational,20,200,21.1668,21.2865,7.47,45.00,42.51,0.650,0.624,Success
Observational,20,200,21.1668,21.3525,6.62,45.00,44.49,0.650,0.641,Success
Observational,20,200,21.1668,21.0618,7.11,45.00,46.15,0.650,0.662,Success
Observational,20,200,21.1668,21.2203,6.80,45.00,44.22,0.650,0.624,Success
Observational,20,200,21.1668,21.2756,7.16,45.00,43.13,0.650,0.634,Success
Observational,20,200,21.1668,21.1269,5.14,45.00,44.68,0.650,0.649,Success
Observational,20,200,21.1668,21.3397,7.37,45.00,43.98,0.650,0.631,Success
Observational,20,200,21.1668,20.9988,6.20,45.00,44.13,0.650,0.642,Success
Observational,20,200,21.1668,20.9587,6.60,45.00,44.64,0.650,0.647,Success
Observational,20,200,21.1668,21.4716,7.90,45.00,47.96,0.650,0.675,Success
Observational,20,200,21.1668,22.2275,7.40,45.00,44.79,0.650,0.651,Success
Observational,20,200,21.1668,21.2600,7.04,45.00,45.26,0.650,0.660,Success
Observational,20,200,21.1668,20.6497,7.04,45.00,45.27,0.650,0.655,Success
Observational,20,200,21.1668,21.7359,6.08,45.00,44.90,0.650,0.649,Success
Observational,20,200,21.1668,21.5722,5.98,45.00,44.81,0.650,0.647,Success
Observational,20,200,21.1668,21.2733,7.01,45.00,45.06,0.650,0.645,Success
Observational,20,200,21.1668,20.5677,7.82,45.00,67.29,0.650,0.758,Success
Observational,20,200,21.1668,21.4657,6.29,45.00,45.05,0.650,0.652,Success
Observational,20,200,21.1668,21.2012,6.62,45.00,44.96,0.650,0.650,Success
Observational,20,200,21.1668,21.1977,6.92,45.00,45.11,0.650,0.655,Success
Observational,20,200,21.1668,21.3626,6.32,45.00,44.84,0.650,0.650,Success
Observational,20,200,21.1668,71.2190,3.21,45.00,171.46,0.650,0.950,Success
Observational,20,200,21.1668,21.5752,6.21,45.00,46.54,0.650,0.667,Success
Observational,20,200,21.1668,20.7791,5.13,45.00,44.90,0.650,0.655,Success
Observational,20,200,21.1668,21.3591,6.47,45.00,45.15,0.650,0.648,Success
Observational,20,200,21.1668,21.0753,5.60,45.00,44.92,0.650,0.651,Success
Observational,20,200,21.1668,21.4143,6.89,45.00,45.50,0.650,0.654,Success
Observational,20,200,21.1668,20.8619,5.46,45.00,45.01,0.650,0.650,Success
Observational,20,200,21.1668,21.0762,5.69,45.00,44.91,0.650,0.650,Success
Observational,20,200,21.1668,21.3007,5.45,45.00,45.27,0.650,0.650,Success
Observational,20,200,21.1668,21.3611,6.27,45.00,45.19,0.650,0.650,Success
Observational,20,200,21.1668,21.4531,5.47,45.00,45.24,0.650,0.651,Success
Observational,20,200,21.1668,20.8426,5.92,45.00,45.03,0.650,0.652,Success
Observational,20,200,21.1668,21.4140,5.79,45.00,45.46,0.650,0.654,Success
Observational,20,200,21.1668,21.2963,7.81,45.00,49.64,0.650,0.686,Success
Observational,20,200,21.1668,21.0147,4.98,45.00,44.43,0.650,0.640,Success
Observational,20,200,21.1668,21.8012,8.22,45.00,45.53,0.650,0.656,Success
Observational,20,200,21.1668,21.5790,6.18,45.00,45.53,0.650,0.655,Success
Observational,20,200,21.1668,21.3396,7.00,45.00,45.30,0.650,0.653,Success
Observational,20,200,21.1668,21.0329,6.76,45.00,45.21,0.650,0.651,Success
Observational,20,200,21.1668,21.8606,6.45,45.00,44.95,0.650,0.647,Success
Observational,20,200,21.1668,20.9180,5.65,45.00,45.05,0.650,0.649,Success
Observational,15,200,21.1668,21.2415,4.32,45.00,47.52,0.650,0.678,Success
Observational,15,200,21.1668,20.8609,4.26,45.00,44.89,0.650,0.648,Success
Observational,15,200,21.1668,21.1417,5.12,45.00,44.90,0.650,0.649,Success
Observational,15,200,21.1668,21.8254,5.35,45.00,44.63,0.650,0.650,Success
Observational,15,200,21.1668,21.7670,6.18,45.00,51.18,0.650,0.699,Success
Observational,15,200,21.1668,21.2902,4.88,45.00,43.18,0.650,0.628,Success
Observational,15,200,21.1668,21.2254,5.40,45.00,332.30,0.650,0.950,Success
Observational,15,200,21.1668,40.3423,2.70,45.00,77.72,0.650,0.811,Success
Observational,15,200,21.1668,21.1161,4.49,45.00,45.61,0.650,0.662,Success
Observational,15,200,21.1668,33.2499,1.72,45.00,90.10,0.650,0.950,Success
Observational,15,200,21.1668,20.6113,5.84,45.00,45.16,0.650,0.645,Success
Observational,15,200,21.1668,20.8334,5.44,45.00,44.79,0.650,0.650,Success
Observational,15,200,21.1668,21.0028,6.47,45.00,38.05,0.650,0.581,Success
Observational,15,200,21.1668,21.4611,5.38,45.00,52.57,0.650,0.699,Success
Observational,15,200,21.1668,20.5509,4.78,45.00,44.94,0.650,0.648,Success
Observational,15,200,21.1668,21.2526,5.44,45.00,48.77,0.650,0.681,Success
Observational,15,200,21.1668,20.8430,4.88,45.00,44.62,0.650,0.642,Success
Observational,15,200,21.1668,151.0673,2.84,45.00,53.04,0.650,0.720,Success
Observational,15,200,21.1668,22.3196,5.72,45.00,44.98,0.650,0.649,Success
Observational,15,200,21.1668,21.3261,4.96,45.00,46.86,0.650,0.664,Success
Observational,15,200,21.1668,21.7348,4.29,45.00,44.17,0.650,0.642,Success
Observational,15,200,21.1668,21.3901,4.91,45.00,46.01,0.650,0.647,Success
Observational,15,200,21.1668,22.0022,5.59,45.00,44.13,0.650,0.642,Success
Observational,15,200,21.1668,21.1664,6.13,45.00,44.00,0.650,0.633,Success
Observational,15,200,21.1668,20.9169,5.78,45.00,313.13,0.650,0.950,Success
Observational,15,200,21.1668,43.0691,4.85,45.00,28.95,0.650,0.527,Success
Observational,15,200,21.1668,84.8561,3.31,45.00,488.03,0.650,0.889,Success
Observational,15,200,21.1668,21.1078,4.72,45.00,43.45,0.650,0.641,Success
Observational,15,200,21.1668,21.5797,4.86,45.00,45.14,0.650,0.653,Success
Observational,15,200,21.1668,20.8048,6.10,45.00,46.64,0.650,0.665,Success
Observational,15,200,21.1668,21.6743,5.76,45.00,46.27,0.650,0.700,Success
Observational,15,200,21.1668,21.1067,5.95,45.00,43.84,0.650,0.630,Success
Observational,15,200,21.1668,20.6358,5.74,45.00,44.35,0.650,0.638,Success
Observational,15,200,21.1668,32.3475,3.58,45.00,351.82,0.650,0.950,Success
Observational,15,200,21.1668,30.0240,3.50,45.00,109.19,0.650,0.810,Success
Observational,15,200,21.1668,20.9848,3.65,45.00,45.72,0.650,0.652,Success
Observational,15,200,21.1668,21.2355,6.08,45.00,38.42,0.650,0.603,Success
Observational,15,200,21.1668,20.9657,4.71,45.00,44.91,0.650,0.644,Success
Observational,15,200,21.1668,21.4399,5.06,45.00,44.29,0.650,0.645,Success
Observational,15,200,21.1668,21.2217,6.25,45.00,59.32,0.650,0.763,Success
Observational,15,200,21.1668,21.0900,4.70,45.00,46.00,0.650,0.654,Success
Observational,15,200,21.1668,20.9215,5.35,45.00,44.10,0.650,0.640,Success
Observational,15,200,21.1668,21.2391,4.74,45.00,48.41,0.650,0.670,Success
Observational,15,200,21.1668,21.4056,5.07,45.00,43.98,0.650,0.634,Success
Observational,15,200,21.1668,21.6774,5.27,45.00,45.12,0.650,0.654,Success
Observational,15,200,21.1668,36.1930,1.82,45.00,72.20,0.650,0.950,Success
Observational,15,200,21.1668,20.2628,5.83,45.00,44.28,0.650,0.641,Success
Observational,15,200,21.1668,21.1399,4.89,45.00,45.24,0.650,0.651,Success
Observational,15,200,21.1668,21.6019,5.37,45.00,44.28,0.650,0.644,Success
Observational,15,200,21.1668,42.3591,2.28,45.00,142.80,0.650,0.950,Success
Observational,15,200,21.1668,21.3681,4.97,45.00,45.39,0.650,0.658,Success
Observational,15,200,21.1668,21.4261,4.50,45.00,45.74,0.650,0.659,Success
Observational,15,200,21.1668,35.7834,1.44,45.00,31.03,0.650,0.950,Success
Observational,15,200,21.1668,21.1186,4.87,45.00,45.67,0.650,0.653,Success
Observational,15,200,21.1668,21.1411,4.78,45.00,43.65,0.650,0.632,Success
Observational,15,200,21.1668,20.9926,4.51,45.00,45.06,0.650,0.650,Success
Observational,15,200,21.1668,21.2500,3.85,45.00,44.89,0.650,0.649,Success
Observational,15,200,21.1668,88.8032,3.19,45.00,173.02,0.650,0.834,Success
Observational,15,200,21.1668,20.9757,5.16,45.00,44.07,0.650,0.635,Success
Observational,15,200,21.1668,65.5593,3.49,45.00,173.21,0.650,0.766,Success
Observational,15,200,21.1668,20.7713,5.19,45.00,45.72,0.650,0.654,Success
Observational,15,200,21.1668,21.0949,5.22,45.00,45.76,0.650,0.660,Success
Observational,15,200,21.1668,193.4209,3.08,45.00,98.26,0.650,0.832,Success
Observational,15,200,21.1668,21.1437,6.00,45.00,36.71,0.650,0.556,Success
Observational,15,200,21.1668,21.2294,3.35,45.00,44.84,0.650,0.657,Success
Observational,15,200,21.1668,21.3761,6.26,45.00,301.60,0.650,0.950,Success
Observational,15,200,21.1668,73.2188,3.60,45.00,55.98,0.650,0.710,Success
Observational,15,200,21.1668,21.0513,6.11,45.00,43.86,0.650,0.635,Success
Observational,15,200,21.1668,21.5193,5.08,45.00,45.18,0.650,0.657,Success
Observational,15,200,21.1668,21.0741,5.19,45.00,45.24,0.650,0.647,Success
Observational,10,200,21.1668,77.6587,3.28,45.00,44.26,0.650,0.442,Success
Observational,10,200,21.1668,92.1496,3.50,45.00,42.52,0.650,0.353,Success
Observational,10,200,21.1668,81.6095,0.71,45.00,37.67,0.650,0.950,Success
Observational,10,200,21.1668,42.5739,4.06,45.00,36.44,0.650,0.323,Success
Observational,10,200,21.1668,43.4420,2.49,45.00,163.17,0.650,0.926,Success
Observational,10,200,21.1668,32.7276,3.55,45.00,174.32,0.650,0.702,Success
Observational,10,200,21.1668,22.1344,3.14,45.00,44.90,0.650,0.648,Success
Observational,10,200,21.1668,21.4893,3.96,45.00,69.32,0.650,0.759,Success
Observational,10,200,21.1668,21.6576,3.30,45.00,44.93,0.650,0.653,Success
Observational,10,200,21.1668,165.2550,3.42,45.00,25.13,0.650,0.233,Success
Observational,10,200,21.1668,60.0757,2.04,45.00,50.53,0.650,0.950,Success
Observational,10,200,21.1668,49.4322,3.01,45.00,44.51,0.650,0.950,Success
Observational,10,200,21.1668,39.1343,2.23,45.00,188.64,0.650,0.914,Success
Observational,10,200,21.1668,43.1653,2.60,45.00,32.63,0.650,0.668,Success
Observational,10,200,21.1668,41.7754,4.29,45.00,483.80,0.650,0.782,Success
Observational,10,200,21.1668,32.3034,3.32,45.00,280.38,0.650,0.907,Success
Observational,10,200,21.1668,42.5476,4.38,45.00,38.38,0.650,0.098,Success
Observational,10,200,21.1668,16.4719,2.95,45.00,59.28,0.650,0.471,Success
Observational,10,200,21.1668,159.2344,3.45,45.00,159.13,0.650,0.798,Success
Observational,10,200,21.1668,21.7349,3.98,45.00,50.44,0.650,0.684,Success
Observational,10,200,21.1668,79.7822,3.33,45.00,34.65,0.650,0.647,Success
Observational,10,200,21.1668,21.2987,4.16,45.00,42.40,0.650,0.632,Success
Observational,10,200,21.1668,32.9226,2.40,45.00,112.52,0.650,0.881,Success
Observational,10,200,21.1668,62.6028,4.19,45.00,48.57,0.650,0.104,Success
Observational,10,200,21.1668,42.3270,2.36,45.00,39.02,0.650,0.554,Success
Observational,10,200,21.1668,64.4154,2.35,45.00,582.44,0.650,0.906,Success
Observational,10,200,21.1668,97.7137,3.09,45.00,119.86,0.650,0.807,Success
Observational,10,200,21.1668,42.2108,4.12,45.00,45.24,0.650,0.233,Success
Observational,10,200,21.1668,47.7461,2.24,45.00,27.12,0.650,0.888,Success
Observational,10,200,21.1668,171.4207,2.70,45.00,271.03,0.650,0.811,Success
Observational,10,200,21.1668,20.5694,3.62,45.00,46.30,0.650,0.651,Success
Observational,10,200,21.1668,26.0571,3.06,45.00,137.79,0.650,0.827,Success
Observational,10,200,21.1668,167.2286,2.62,45.00,86.13,0.650,0.821,Success
Observational,10,200,21.1668,42.4881,3.96,45.00,41.68,0.650,0.272,Success
Observational,10,200,21.1668,147.3277,2.60,45.00,189.37,0.650,0.950,Success
Observational,10,200,21.1668,22.1624,2.73,45.00,281.43,0.650,0.950,Success
Observational,10,200,21.1668,168.8862,2.85,45.00,57.24,0.650,0.452,Success
Observational,10,200,21.1668,56.3964,3.79,45.00,409.91,0.650,0.950,Success
Observational,10,200,21.1668,42.1322,3.62,45.00,41.78,0.650,0.363,Success
Observational,10,200,21.1668,21.0955,3.10,45.00,45.01,0.650,0.650,Success
Observational,10,200,21.1668,16.6108,3.94,45.00,462.48,0.650,0.916,Success
Observational,10,200,21.1668,88.8706,2.95,45.00,37.08,0.650,0.352,Success
Observational,10,200,21.1668,20.8715,4.03,45.00,75.16,0.650,0.737,Success
Observational,10,200,21.1668,20.9407,3.63,45.00,44.83,0.650,0.651,Success
Observational,10,200,21.1668,109.7750,3.88,45.00,84.69,0.650,0.580,Success
Observational,10,200,21.1668,56.2439,3.07,45.00,468.90,0.650,0.950,Success
Observational,10,200,21.1668,38.1792,3.94,45.00,919.60,0.650,0.949,Success
Observational,10,200,21.1668,36.7444,3.04,45.00,116.08,0.650,0.721,Success
Observational,10,200,21.1668,168.8401,2.94,45.00,33.18,0.650,0.136,Success
Observational,10,200,21.1668,48.8728,1.99,45.00,166.67,0.650,0.950,Success
Observational,10,200,21.1668,105.9670,3.26,45.00,91.70,0.650,0.950,Success
Observational,10,200,21.1668,36.8636,1.55,45.00,100.88,0.650,0.950,Success
Observational,10,200,21.1668,41.7992,3.18,45.00,59.48,0.650,0.919,Success
Observational,10,200,21.1668,41.8282,3.65,45.00,45.89,0.650,0.606,Success
Observational,10,200,21.1668,54.5188,2.16,45.00,49.87,0.650,0.950,Success
Observational,10,200,21.1668,25.1732,2.96,45.00,42.27,0.650,0.676,Success
Observational,10,200,21.1668,87.1981,2.37,45.00,49.79,0.650,0.950,Success
Observational,10,200,21.1668,20.8883,3.69,45.00,331.82,0.650,0.950,Success
Observational,10,200,21.1668,35.1888,3.07,45.00,226.58,0.650,0.828,Success
Observational,10,200,21.1668,82.1457,1.97,45.00,362.17,0.650,0.910,Success
Observational,10,200,21.1668,49.8449,2.77,45.00,179.68,0.650,0.845,Success
Observational,10,200,21.1668,21.2430,3.88,45.00,53.94,0.650,0.703,Success
Observational,10,200,21.1668,21.1293,3.75,45.00,51.73,0.650,0.673,Success
Observational,10,200,21.1668,21.4292,3.87,45.00,423.88,0.650,0.950,Success
Observational,10,200,21.1668,39.5533,3.54,45.00,1556.48,0.650,0.950,Success
Observational,10,200,21.1668,33.8256,2.39,45.00,269.85,0.650,0.950,Success
Observational,10,200,21.1668,21.0544,4.01,45.00,44.63,0.650,0.651,Success
Observational,10,200,21.1668,99.7570,3.87,45.00,42.55,0.650,0.334,Success
Observational,10,200,21.1668,106.0425,1.75,45.00,98.51,0.650,0.950,Success
Observational,10,200,21.1668,65.3434,2.04,45.00,235.43,0.650,0.950,Success
Observational,8,200,21.1668,167.3262,1.27,45.00,89.90,0.650,0.950,Success
Observational,8,200,21.1668,24.7432,1.11,45.00,141.57,0.650,0.950,Success
Observational,8,200,21.1668,57.6644,3.31,45.00,813.71,0.650,0.950,Success
Observational,8,200,21.1668,46.7536,3.02,45.00,27.78,0.650,0.494,Success
Observational,8,200,21.1668,82.9516,1.75,45.00,68.86,0.650,0.950,Success
Observational,8,200,21.1668,37.0184,3.30,45.00,21.84,0.650,0.375,Success
Observational,8,200,21.1668,33.8440,2.74,45.00,1568.96,0.650,0.950,Success
Observational,8,200,21.1668,91.6168,2.58,45.00,476.42,0.650,0.705,Success
Observational,8,200,21.1668,39.7183,2.55,45.00,21.55,0.650,0.430,Success
Observational,8,200,21.1668,53.6165,2.67,45.00,31.65,0.650,0.637,Success
Observational,8,200,21.1668,21.7688,2.43,45.00,43.62,0.650,0.639,Success
Observational,8,200,21.1668,41.9758,3.45,45.00,1542.11,0.650,0.950,Success
Observational,8,200,21.1668,46.8665,2.72,45.00,519.18,0.650,0.931,Success
Observational,8,200,21.1668,115.2137,2.52,45.00,189.71,0.650,0.920,Success
Observational,8,200,21.1668,74.6870,2.43,45.00,87.55,0.650,0.869,Success
Observational,8,200,21.1668,15.2701,3.19,45.00,42.87,0.650,0.293,Success
Observational,8,200,21.1668,43.6225,3.45,45.00,356.46,0.650,0.780,Success
Observational,8,200,21.1668,21.3891,3.37,45.00,31.87,0.650,0.503,Success
Observational,8,200,21.1668,46.8160,0.72,45.00,68.01,0.650,0.950,Success
Observational,8,200,21.1668,92.1221,1.22,45.00,189.02,0.650,0.950,Success
Observational,8,200,21.1668,148.2765,2.51,45.00,195.47,0.650,0.769,Success
Observational,8,200,21.1668,21.1727,2.53,45.00,44.40,0.650,0.642,Success
Observational,8,200,21.1668,61.8364,3.30,45.00,73.70,0.650,0.274,Success
Observational,8,200,21.1668,43.0894,3.09,45.00,1294.93,0.650,0.950,Success
Observational,8,200,21.1668,66.6287,1.17,45.00,22.41,0.650,0.950,Success
Observational,8,200,21.1668,41.1811,3.34,45.00,1448.98,0.650,0.950,Success
Observational,8,200,21.1668,25.2440,2.42,45.00,218.06,0.650,0.925,Success
Observational,8,200,21.1668,20.8003,3.39,45.00,43.16,0.650,0.602,Success
Observational,8,200,21.1668,42.5431,3.21,45.00,49.10,0.650,0.318,Success
Observational,8,200,21.1668,52.9853,3.33,45.00,89.68,0.650,0.298,Success
Observational,8,200,21.1668,42.4685,3.41,45.00,1754.37,0.650,0.933,Success
Observational,8,200,21.1668,76.6801,2.35,45.00,66.45,0.650,0.861,Success
Observational,8,200,21.1668,117.1960,2.90,45.00,70.65,0.650,0.908,Success
Observational,8,200,21.1668,73.5564,3.08,45.00,16.93,0.650,0.337,Success
Observational,8,200,21.1668,51.2817,1.99,45.00,46.21,0.650,0.448,Success
Observational,8,200,21.1668,49.7163,0.89,45.00,51.17,0.650,0.950,Success
Observational,8,200,21.1668,43.4077,1.88,45.00,46.33,0.650,0.842,Success
Observational,8,200,21.1668,63.1717,2.99,45.00,73.96,0.650,0.293,Success
Observational,8,200,21.1668,20.6007,2.97,45.00,44.42,0.650,0.648,Success
Observational,8,200,21.1668,119.5259,2.76,45.00,143.85,0.650,0.739,Success
Observational,8,200,21.1668,51.5229,3.24,45.00,28.82,0.650,0.475,Success
Observational,8,200,21.1668,38.4805,0.92,45.00,106.57,0.650,0.923,Success
Observational,8,200,21.1668,12.0548,3.38,45.00,38.67,0.650,0.223,Success
Observational,8,200,21.1668,45.3665,2.40,45.00,88.12,0.650,0.831,Success
Observational,8,200,21.1668,21.5337,3.34,45.00,44.29,0.650,0.638,Success
Observational,8,200,21.1668,35.3436,3.41,45.00,44.25,0.650,0.330,Success
Observational,8,200,21.1668,51.7224,3.21,45.00,32.71,0.650,0.227,Success
Observational,8,200,21.1668,21.6590,3.11,45.00,92.88,0.650,0.823,Success
Observational,8,200,21.1668,21.0526,3.47,45.00,387.92,0.650,0.950,Success
Observational,8,200,21.1668,26.2799,2.80,45.00,74.59,0.650,0.950,Success
Observational,8,200,21.1668,53.9793,2.97,45.00,251.15,0.650,0.833,Success
Observational,8,200,21.1668,154.5390,1.90,45.00,99.57,0.650,0.950,Success
Observational,8,200,21.1668,42.9436,3.39,45.00,37.49,0.650,0.312,Success
Observational,8,200,21.1668,185.0407,2.10,45.00,128.05,0.650,0.821,Success
Observational,8,200,21.1668,85.1055,3.26,45.00,39.00,0.650,0.262,Success
Observational,8,200,21.1668,43.5646,2.56,45.00,19.77,0.650,0.950,Success
Observational,8,200,21.1668,43.6105,2.76,45.00,152.59,0.650,0.824,Success
Observational,8,200,21.1668,39.6263,2.22,45.00,152.30,0.650,0.950,Success
Observational,8,200,21.1668,67.7712,3.17,45.00,41.88,0.650,0.388,Success
Observational,8,200,21.1668,143.5316,1.34,45.00,35.88,0.650,0.292,Success
Observational,8,200,21.1668,59.2227,2.81,45.00,46.98,0.650,0.454,Success
Observational,8,200,21.1668,63.1812,3.14,45.00,53.98,0.650,0.296,Success
Observational,8,200,21.1668,85.3699,2.15,45.00,35.50,0.650,0.637,Success
Observational,8,200,21.1668,97.3028,1.90,45.00,211.71,0.650,0.950,Success
Observational,8,200,21.1668,167.6707,2.12,45.00,68.36,0.650,0.733,Success
Observational,8,200,21.1668,153.8295,1.51,45.00,85.86,0.650,0.883,Success
Observational,8,200,21.1668,116.7910,2.60,45.00,21.66,0.650,0.186,Success
Observational,8,200,21.1668,42.2126,3.45,45.00,301.56,0.650,0.609,Success
Observational,8,200,21.1668,35.5336,2.70,45.00,232.80,0.650,0.742,Success
Observational,8,200,21.1668,43.5997,2.99,45.00,304.10,0.650,0.950,Success
Observational,7,200,21.1668,35.9100,2.25,45.00,52.69,0.650,0.620,Success
Observational,7,200,21.1668,66.0024,2.03,45.00,40.06,0.650,0.484,Success
Observational,7,200,21.1668,20.7352,2.87,45.00,227.10,0.650,0.950,Success
Observational,7,200,21.1668,99.2464,2.12,45.00,247.17,0.650,0.871,Success
Observational,7,200,21.1668,36.3494,1.88,45.00,1418.94,0.650,0.950,Success
Observational,7,200,21.1668,62.3611,2.70,45.00,329.23,0.650,0.950,Success
Observational,7,200,21.1668,61.8031,2.79,45.00,122.65,0.650,0.465,Success
Observational,7,200,21.1668,43.4159,2.06,45.00,98.24,0.650,0.950,Success
Observational,7,200,21.1668,29.8837,2.16,45.00,628.08,0.650,0.928,Success
Observational,7,200,21.1668,114.1571,2.17,45.00,155.10,0.650,0.813,Success
Observational,7,200,21.1668,42.0640,2.53,45.00,1883.06,0.650,0.950,Success
Observational,7,200,21.1668,183.8860,0.70,45.00,138.19,0.650,0.950,Success
Observational,7,200,21.1668,70.5611,1.67,45.00,48.23,0.650,0.916,Success
Observational,7,200,21.1668,42.7337,2.72,45.00,864.06,0.650,0.890,Success
Observational,7,200,21.1668,94.5422,1.66,45.00,301.74,0.650,0.818,Success
Observational,7,200,21.1668,56.9057,2.34,45.00,21.54,0.650,0.508,Success
Observational,7,200,21.1668,42.6139,2.99,45.00,450.80,0.650,0.950,Success
Observational,7,200,21.1668,26.2295,2.59,45.00,201.74,0.650,0.822,Success
Observational,7,200,21.1668,54.8543,1.85,45.00,2295.92,0.650,0.950,Success
Observational,7,200,21.1668,27.6227,2.88,45.00,429.29,0.650,0.950,Success
Observational,7,200,21.1668,133.3103,2.86,45.00,273.13,0.650,0.950,Success
Observational,7,200,21.1668,107.5862,2.62,45.00,464.16,0.650,0.822,Success
Observational,7,200,21.1668,165.3237,2.67,45.00,316.47,0.650,0.950,Success
Observational,7,200,21.1668,44.9019,2.65,45.00,83.71,0.650,0.464,Success
Observational,7,200,21.1668,53.3963,2.42,45.00,69.86,0.650,0.845,Success
Observational,7,200,21.1668,161.8158,2.70,45.00,699.24,0.650,0.935,Success
Observational,7,200,21.1668,91.0714,2.28,45.00,275.09,0.650,0.811,Success
Observational,7,200,21.1668,49.9990,2.46,45.00,648.51,0.650,0.950,Success
Observational,7,200,21.1668,147.3666,2.42,45.00,3417.04,0.650,0.950,Success
Observational,7,200,21.1668,148.0790,2.40,45.00,19.13,0.650,0.590,Success
Observational,7,200,21.1668,111.0974,2.29,45.00,114.84,0.650,0.748,Success
Observational,7,200,21.1668,57.4881,2.48,45.00,185.72,0.650,0.717,Success
Observational,7,200,21.1668,72.9011,1.51,45.00,124.54,0.650,0.950,Success
Observational,7,200,21.1668,171.9834,2.66,45.00,35.90,0.650,0.485,Success
Observational,7,200,21.1668,66.2939,1.02,45.00,208.48,0.650,0.950,Success
Observational,7,200,21.1668,94.1794,0.98,45.00,367.69,0.650,0.950,Success
Observational,7,200,21.1668,61.2289,2.98,45.00,60.98,0.650,0.346,Success
Observational,7,200,21.1668,31.5562,1.23,45.00,19.45,0.650,0.950,Success
Observational,7,200,21.1668,62.8640,2.92,45.00,156.55,0.650,0.474,Success
Observational,7,200,21.1668,70.5752,1.02,45.00,73.42,0.650,0.828,Success
Observational,7,200,21.1668,41.7149,2.81,45.00,36.09,0.650,0.495,Success
Observational,7,200,21.1668,174.3751,2.33,45.00,39.15,0.650,0.531,Success
Observational,7,200,21.1668,57.0779,2.11,45.00,43.83,0.650,0.810,Success
Observational,7,200,21.1668,41.8634,2.89,45.00,297.80,0.650,0.790,Success
Observational,7,200,21.1668,63.1957,2.38,45.00,90.29,0.650,0.774,Success
Observational,7,200,21.1668,32.3516,1.58,45.00,545.34,0.650,0.950,Success
Observational,7,200,21.1668,95.7380,1.93,45.00,174.55,0.650,0.813,Success
Observational,7,200,21.1668,63.7075,2.10,45.00,49.37,0.650,0.950,Success
Observational,7,200,21.1668,65.5377,2.56,45.00,59.12,0.650,0.734,Success
Observational,7,200,21.1668,25.6011,2.91,45.00,30.19,0.650,0.387,Success
Observational,7,200,21.1668,41.4849,2.54,45.00,33.83,0.650,0.950,Success
Observational,7,200,21.1668,59.5324,1.19,45.00,175.24,0.650,0.950,Success
Observational,7,200,21.1668,65.7369,2.99,45.00,46.65,0.650,0.076,Success
Observational,7,200,21.1668,124.9267,2.07,45.00,53.72,0.650,0.728,Success
Observational,7,200,21.1668,42.3733,3.00,45.00,17.12,0.650,0.229,Success
Observational,7,200,21.1668,118.7170,1.98,45.00,237.69,0.650,0.572,Success
Observational,7,200,21.1668,12.8587,2.70,45.00,41.59,0.650,0.533,Success
Observational,7,200,21.1668,27.4170,2.02,45.00,155.78,0.650,0.950,Success
Observational,7,200,21.1668,71.3505,2.49,45.00,32.76,0.650,0.771,Success
Observational,7,200,21.1668,55.6515,1.87,45.00,109.34,0.650,0.950,Success
Observational,7,200,21.1668,124.6685,1.97,45.00,81.34,0.650,0.926,Success
Observational,7,200,21.1668,64.5442,2.06,45.00,288.76,0.650,0.950,Success
Observational,7,200,21.1668,36.0859,2.84,45.00,595.79,0.650,0.769,Success
Observational,7,200,21.1668,134.6465,1.90,45.00,44.38,0.650,0.625,Success
Observational,7,200,21.1668,110.3191,2.76,45.00,64.66,0.650,0.370,Success
Observational,7,200,21.1668,145.1084,1.36,45.00,48.10,0.650,0.950,Success
Observational,7,200,21.1668,59.8585,2.34,45.00,767.51,0.650,0.950,Success
Observational,7,200,21.1668,113.7304,2.25,45.00,129.19,0.650,0.724,Success
Observational,7,200,21.1668,40.5200,2.59,45.00,427.72,0.650,0.950,Success
Observational,7,200,21.1668,36.0846,2.16,45.00,46.33,0.650,0.534,Success
Observational,6,200,21.1668,193.6094,1.18,45.00,262.86,0.650,0.950,Success
Observational,6,200,21.1668,42.4474,2.38,45.00,208.00,0.650,0.950,Success
Observational,6,200,21.1668,62.7215,2.49,45.00,363.60,0.650,0.750,Success
Observational,6,200,21.1668,17.9163,2.31,45.00,201.55,0.650,0.771,Success
Observational,6,200,21.1668,56.4364,2.03,45.00,138.81,0.650,0.739,Success
Observational,6,200,21.1668,22.3093,2.41,45.00,28.15,0.650,0.164,Success
Observational,6,200,21.1668,45.6396,2.44,45.00,596.80,0.650,0.950,Success
Observational,6,200,21.1668,129.1604,2.41,45.00,228.58,0.650,0.861,Success
Observational,6,200,21.1668,67.7306,1.88,45.00,429.25,0.650,0.950,Success
Observational,6,200,21.1668,22.2217,1.72,45.00,100.99,0.650,0.725,Success
Observational,6,200,21.1668,66.4227,2.38,45.00,333.32,0.650,0.805,Success
Observational,6,200,21.1668,28.4464,1.94,45.00,55.13,0.650,0.629,Success
Observational,6,200,21.1668,35.9290,2.43,45.00,37.49,0.650,0.205,Success
Observational,6,200,21.1668,88.4721,1.91,45.00,230.70,0.650,0.745,Success
Observational,6,200,21.1668,60.8484,2.30,45.00,139.11,0.650,0.950,Success
Observational,6,200,21.1668,85.3617,2.27,45.00,368.19,0.650,0.748,Success
Observational,6,200,21.1668,175.5672,1.11,45.00,74.29,0.650,0.904,Success
Observational,6,200,21.1668,195.0565,1.69,45.00,340.38,0.650,0.872,Success
Observational,6,200,21.1668,62.5864,2.08,45.00,56.25,0.650,0.950,Success
Observational,6,200,21.1668,61.1314,2.24,45.00,80.82,0.650,0.884,Success
Observational,6,200,21.1668,33.1905,2.37,45.00,90.01,0.650,0.560,Success
Observational,6,200,21.1668,92.4213,1.61,45.00,1463.34,0.650,0.950,Success
Observational,6,200,21.1668,32.0448,1.52,45.00,42.35,0.650,0.373,Success
Observational,6,200,21.1668,44.5823,1.98,45.00,54.91,0.650,0.950,Success
Observational,6,200,21.1668,61.1558,2.25,45.00,288.90,0.650,0.950,Success
Observational,6,200,21.1668,105.7139,2.24,45.00,56.47,0.650,0.405,Success
Observational,6,200,21.1668,56.1502,2.40,45.00,41.77,0.650,0.600,Success
Observational,6,200,21.1668,77.1211,2.13,45.00,62.96,0.650,0.483,Success
Observational,6,200,21.1668,64.1019,2.14,45.00,70.88,0.650,0.852,Success
Observational,6,200,21.1668,22.3203,2.26,45.00,89.13,0.650,0.827,Success
Observational,6,200,21.1668,44.9487,2.40,45.00,462.42,0.650,0.756,Success
Observational,6,200,21.1668,51.0428,2.07,45.00,136.32,0.650,0.925,Success
Observational,6,200,21.1668,106.1048,2.42,45.00,258.67,0.650,0.773,Success
Observational,6,200,21.1668,73.1925,1.57,45.00,1097.73,0.650,0.950,Success
Observational,6,200,21.1668,31.0881,2.20,45.00,53.43,0.650,0.322,Success
Observational,6,200,21.1668,137.3647,1.73,45.00,34.01,0.650,0.621,Success
Observational,6,200,21.1668,35.8849,2.32,45.00,418.90,0.650,0.695,Success
Observational,6,200,21.1668,129.9643,2.49,45.00,700.22,0.650,0.950,Success
Observational,6,200,21.1668,42.8857,2.47,45.00,253.62,0.650,0.894,Success
Observational,6,200,21.1668,110.1103,1.99,45.00,45.02,0.650,0.467,Success
Observational,6,200,21.1668,68.6491,2.09,45.00,168.62,0.650,0.750,Success
Observational,6,200,21.1668,127.1661,2.30,45.00,805.57,0.650,0.695,Success
Observational,6,200,21.1668,65.7631,2.41,45.00,28.71,0.650,0.513,Success
Observational,6,200,21.1668,28.0071,2.49,45.00,29.84,0.650,0.414,Success
Observational,6,200,21.1668,41.0481,2.33,45.00,340.98,0.650,0.950,Success
Observational,6,200,21.1668,93.8253,2.26,45.00,113.06,0.650,0.950,Success
Observational,6,200,21.1668,87.5674,2.41,45.00,223.58,0.650,0.950,Success
Observational,6,200,21.1668,61.1539,2.41,45.00,58.18,0.650,0.324,Success
Observational,6,200,21.1668,108.2839,2.50,45.00,28.62,0.650,0.474,Success
Observational,6,200,21.1668,13.6563,2.45,45.00,57.96,0.650,0.502,Success
Observational,6,200,21.1668,138.2734,1.90,45.00,245.17,0.650,0.787,Success
Observational,6,200,21.1668,61.2678,2.42,45.00,918.45,0.650,0.950,Success
Observational,6,200,21.1668,64.4431,2.43,45.00,426.84,0.650,0.950,Success
Observational,6,200,21.1668,81.8627,1.55,45.00,305.69,0.650,0.950,Success
Observational,6,200,21.1668,20.9073,2.39,45.00,173.19,0.650,0.950,Success
Observational,6,200,21.1668,62.5457,2.12,45.00,43.48,0.650,0.486,Success
Observational,6,200,21.1668,33.7727,2.39,45.00,47.83,0.650,0.497,Success
Observational,6,200,21.1668,17.9674,2.38,45.00,37.65,0.650,0.345,Success
Observational,6,200,21.1668,34.4708,2.49,45.00,711.20,0.650,0.950,Success
Observational,6,200,21.1668,110.4163,2.26,45.00,408.64,0.650,0.791,Success
Observational,6,200,21.1668,115.8146,2.01,45.00,74.59,0.650,0.908,Success
Observational,6,200,21.1668,9.7986,2.49,45.00,57.75,0.650,0.052,Success
Observational,6,200,21.1668,43.4819,2.21,45.00,139.12,0.650,0.833,Success
Observational,6,200,21.1668,107.3534,2.50,45.00,37.88,0.650,0.055,Success
Observational,6,200,21.1668,64.9249,1.63,45.00,299.93,0.650,0.950,Success
Observational,6,200,21.1668,53.3810,2.37,45.00,20.35,0.650,0.444,Success
Observational,6,200,21.1668,78.9501,2.44,45.00,242.93,0.650,0.586,Success
Observational,6,200,21.1668,92.9305,2.38,45.00,622.28,0.650,0.720,Success
Observational,6,200,21.1668,64.1734,2.47,45.00,72.64,0.650,0.950,Success
Observational,6,200,21.1668,79.7864,2.27,45.00,547.11,0.650,0.803,Success
Observational,5,200,21.1668,86.1827,2.00,45.00,212.10,0.650,0.315,Success
Observational,5,200,21.1668,75.5081,1.90,45.00,14.65,0.650,0.675,Success
Observational,5,200,21.1668,59.1470,1.60,45.00,62.23,0.650,0.840,Success
Observational,5,200,21.1668,153.2603,2.00,45.00,792.53,0.650,0.654,Success
Observational,5,200,21.1668,105.9727,1.66,45.00,41.09,0.650,0.464,Success
Observational,5,200,21.1668,67.4433,1.16,45.00,47.93,0.650,0.950,Success
Observational,5,200,21.1668,159.0022,1.93,45.00,385.11,0.650,0.315,Success
Observational,5,200,21.1668,26.2049,1.27,45.00,808.99,0.650,0.950,Success
Observational,5,200,21.1668,87.4238,1.97,45.00,32.08,0.650,0.225,Success
Observational,5,200,21.1668,62.4837,1.89,45.00,136.41,0.650,0.562,Success
Observational,5,200,21.1668,94.1600,1.75,45.00,35.35,0.650,0.416,Success
Observational,5,200,21.1668,62.7184,1.96,45.00,66.23,0.650,0.575,Success
Observational,5,200,21.1668,36.1756,1.73,45.00,1646.43,0.650,0.950,Success
Observational,5,200,21.1668,107.6133,2.00,45.00,54.08,0.650,0.549,Success
Observational,5,200,21.1668,33.1273,2.00,45.00,30.93,0.650,0.126,Success
Observational,5,200,21.1668,42.1320,2.00,45.00,32.55,0.650,0.162,Success
Observational,5,200,21.1668,105.9481,2.00,45.00,94.62,0.650,0.121,Success
Observational,5,200,21.1668,112.4184,1.09,45.00,398.45,0.650,0.867,Success
Observational,5,200,21.1668,44.5741,1.23,45.00,21.85,0.650,0.950,Success
Observational,5,200,21.1668,85.9311,1.60,45.00,21.37,0.650,0.950,Success
Observational,5,200,21.1668,83.2021,2.00,45.00,73.94,0.650,0.349,Success
Observational,5,200,21.1668,95.5023,1.19,45.00,48.73,0.650,0.847,Success
Observational,5,200,21.1668,97.2230,0.96,45.00,218.58,0.650,0.950,Success
Observational,5,200,21.1668,77.8879,1.90,45.00,429.65,0.650,0.921,Success
Observational,5,200,21.1668,82.2919,1.94,45.00,103.07,0.650,0.482,Success
Observational,5,200,21.1668,106.5750,2.00,45.00,41.86,0.650,0.243,Success
Observational,5,200,21.1668,59.3297,1.82,45.00,908.25,0.650,0.950,Success
Observational,5,200,21.1668,84.8824,1.88,45.00,50.90,0.650,0.426,Success
Observational,5,200,21.1668,50.5562,1.93,45.00,95.91,0.650,0.597,Success
Observational,5,200,21.1668,80.5370,1.78,45.00,20.76,0.650,0.226,Success
Observational,5,200,21.1668,43.3797,1.99,45.00,58.90,0.650,0.192,Success
Observational,5,200,21.1668,42.5301,2.00,45.00,217.22,0.650,0.950,Success
Observational,5,200,21.1668,42.4922,2.00,45.00,32.00,0.650,0.274,Success
Observational,5,200,21.1668,44.8951,1.97,45.00,335.32,0.650,0.877,Success
Observational,5,200,21.1668,100.7258,1.96,45.00,35.90,0.650,0.139,Success
Observational,5,200,21.1668,62.8960,2.00,45.00,39.62,0.650,0.014,Success
Observational,5,200,21.1668,46.3198,1.92,45.00,4600.82,0.650,0.950,Success
Observational,5,200,21.1668,44.6503,1.90,45.00,76.71,0.650,0.547,Success
Observational,5,200,21.1668,85.9623,1.98,45.00,31.05,0.650,0.439,Success
Observational,5,200,21.1668,48.4148,1.97,45.00,86.83,0.650,0.461,Success
Observational,5,200,21.1668,102.9068,1.94,45.00,21.24,0.650,0.221,Success
Observational,5,200,21.1668,126.7895,1.92,45.00,216.42,0.650,0.950,Success
Observational,5,200,21.1668,63.3163,1.81,45.00,36.19,0.650,0.498,Success
Observational,5,200,21.1668,111.9750,2.00,45.00,43.09,0.650,0.446,Success
Observational,5,200,21.1668,162.1716,1.65,45.00,28.54,0.650,0.314,Success
Observational,5,200,21.1668,83.4184,1.99,45.00,1366.15,0.650,0.874,Success
Observational,5,200,21.1668,42.0717,2.00,45.00,29.84,0.650,0.512,Success
Observational,5,200,21.1668,147.7659,1.94,45.00,46.52,0.650,0.546,Success
Observational,5,200,21.1668,53.1036,1.49,45.00,99.62,0.650,0.950,Success
Observational,5,200,21.1668,73.7438,1.87,45.00,85.92,0.650,0.735,Success
Observational,5,200,21.1668,21.1086,2.00,45.00,31.42,0.650,0.438,Success
Observational,5,200,21.1668,63.7508,1.99,45.00,244.06,0.650,0.808,Success
Observational,5,200,21.1668,107.6656,1.98,45.00,517.24,0.650,0.950,Success
Observational,5,200,21.1668,42.2992,2.00,45.00,27.49,0.650,0.133,Success
Observational,5,200,21.1668,62.0059,2.00,45.00,40.36,0.650,0.067,Success
Observational,5,200,21.1668,182.5731,1.62,45.00,48.33,0.650,0.400,Success
Observational,5,200,21.1668,90.0146,1.99,45.00,28.56,0.650,0.226,Success
Observational,5,200,21.1668,111.4111,1.34,45.00,116.71,0.650,0.845,Success
Observational,5,200,21.1668,63.6299,2.00,45.00,1094.85,0.650,0.890,Success
Observational,5,200,21.1668,47.1644,1.55,45.00,107.37,0.650,0.746,Success
Observational,5,200,21.1668,100.0730,1.86,45.00,91.01,0.650,0.590,Success
Observational,5,200,21.1668,128.6759,1.24,45.00,30.93,0.650,0.729,Success
Observational,5,200,21.1668,147.0220,1.87,45.00,25.08,0.650,0.633,Success
Observational,5,200,21.1668,88.0798,1.96,45.00,164.95,0.650,0.408,Success
Observational,5,200,21.1668,67.4701,1.93,45.00,40.80,0.650,0.672,Success
Observational,5,200,21.1668,118.8424,1.68,45.00,87.48,0.650,0.909,Success
Observational,5,200,21.1668,127.7328,1.86,45.00,283.16,0.650,0.580,Success
Observational,5,200,21.1668,44.1967,1.88,45.00,110.79,0.650,0.950,Success
Observational,5,200,21.1668,83.6630,2.00,45.00,82.22,0.650,0.066,Success
Observational,5,200,21.1668,63.2059,1.99,45.00,77.13,0.650,0.272,Success
Baseline_days,6,200.0,21.1668,57.7049,2.45,45.00,320.20,0.650,0.710,Success
Baseline_days,6,200.0,21.1668,63.8085,2.45,45.00,276.80,0.650,0.712,Success
Baseline_days,6,200.0,21.1668,42.5155,2.49,45.00,37.73,0.650,0.424,Success
Baseline_days,6,200.0,21.1668,27.4187,1.80,45.00,129.20,0.650,0.804,Success
Baseline_days,6,200.0,21.1668,74.5289,2.31,45.00,186.36,0.650,0.921,Success
Baseline_days,6,200.0,21.1668,92.0816,2.08,45.00,112.50,0.650,0.950,Success
Baseline_days,6,200.0,21.1668,42.4154,2.44,45.00,203.32,0.650,0.927,Success
Baseline_days,6,200.0,21.1668,46.8498,1.61,45.00,456.00,0.650,0.885,Success
Baseline_days,6,200.0,21.1668,129.8183,0.68,45.00,37.25,0.650,0.950,Success
Baseline_days,6,200.0,21.1668,143.6510,2.36,45.00,119.64,0.650,0.950,Success
Baseline_days,6,200.0,21.1668,60.9273,2.40,45.00,765.26,0.650,0.950,Success
Baseline_days,6,200.0,21.1668,74.8781,2.16,45.00,52.57,0.650,0.620,Success
Baseline_days,6,200.0,21.1668,47.6390,0.88,45.00,732.24,0.650,0.950,Success
Baseline_days,6,200.0,21.1668,125.1823,1.92,45.00,1045.43,0.650,0.950,Success
Baseline_days,6,200.0,21.1668,108.7342,2.36,45.00,61.52,0.650,0.471,Success
Baseline_days,6,200.0,21.1668,53.5475,2.45,45.00,88.88,0.650,0.446,Success
Baseline_days,6,200.0,21.1668,49.1588,2.05,45.00,298.46,0.650,0.767,Success
Baseline_days,6,200.0,21.1668,90.9917,1.94,45.00,67.44,0.650,0.950,Success
Baseline_days,6,200.0,21.1668,62.7510,2.48,45.00,426.63,0.650,0.948,Success
Baseline_days,6,200.0,21.1668,191.6089,2.30,45.00,64.84,0.650,0.345,Success
Baseline_days,6,200.0,21.1668,12.8125,2.49,45.00,33.10,0.650,0.072,Success
Baseline_days,6,200.0,21.1668,121.3801,1.20,45.00,95.09,0.650,0.950,Success
Baseline_days,6,200.0,21.1668,169.7903,1.91,45.00,112.71,0.650,0.933,Success
Baseline_days,6,200.0,21.1668,76.0751,0.76,45.00,994.60,0.650,0.910,Success
Baseline_days,6,200.0,21.1668,41.7288,2.48,45.00,554.16,0.650,0.876,Success
Baseline_days,6,200.0,21.1668,96.3980,1.41,45.00,269.86,0.650,0.950,Success
Baseline_days,6,200.0,21.1668,166.6866,1.21,45.00,124.55,0.650,0.946,Success
Baseline_days,6,200.0,21.1668,119.4457,1.10,45.00,22.99,0.650,0.950,Success
Baseline_days,6,200.0,21.1668,105.3899,0.71,45.00,262.80,0.650,0.950,Success
Baseline_days,6,200.0,21.1668,62.7641,1.69,45.00,30.19,0.650,0.558,Success
Baseline_days,6,200.0,21.1668,124.8484,1.78,45.00,146.36,0.650,0.828,Success
Baseline_days,6,200.0,21.1668,61.0641,2.21,45.00,33.99,0.650,0.370,Success
Baseline_days,6,200.0,21.1668,95.7240,1.67,45.00,24.63,0.650,0.577,Success
Baseline_days,6,200.0,21.1668,91.8657,1.80,45.00,167.79,0.650,0.778,Success
Baseline_days,6,200.0,21.1668,53.8310,1.76,45.00,162.36,0.650,0.803,Success
Baseline_days,6,200.0,21.1668,67.0655,1.99,45.00,65.45,0.650,0.950,Success
Baseline_days,6,200.0,21.1668,146.6197,1.27,45.00,50.92,0.650,0.950,Success
Baseline_days,6,200.0,21.1668,93.7406,2.47,45.00,87.00,0.650,0.950,Success
Baseline_days,6,200.0,21.1668,96.8270,2.46,45.00,27.63,0.650,0.153,Success
Baseline_days,6,200.0,21.1668,51.3671,1.52,45.00,823.22,0.650,0.950,Success
Baseline_days,6,200.0,21.1668,64.6574,2.44,45.00,3197.76,0.650,0.950,Success
Baseline_days,6,200.0,21.1668,88.6745,1.88,45.00,83.58,0.650,0.950,Success
Baseline_days,6,200.0,21.1668,42.1129,2.24,45.00,71.42,0.650,0.802,Success
Baseline_days,6,200.0,21.1668,109.1098,2.17,45.00,147.75,0.650,0.950,Success
Baseline_days,6,200.0,21.1668,73.6393,2.08,45.00,508.88,0.650,0.888,Success
Baseline_days,6,200.0,21.1668,97.0684,2.50,45.00,55.57,0.650,0.126,Success
Baseline_days,6,200.0,21.1668,79.9486,2.33,45.00,28.15,0.650,0.245,Success
Baseline_days,6,200.0,21.1668,129.3742,1.77,45.00,1466.56,0.650,0.950,Success
Baseline_days,6,200.0,21.1668,42.2216,2.50,45.00,922.14,0.650,0.950,Success
Baseline_days,6,200.0,21.1668,128.8812,2.10,45.00,936.40,0.650,0.904,Success
Baseline_days,6,200.0,21.1668,83.8068,1.46,45.00,37.32,0.650,0.950,Success
Baseline_days,6,200.0,21.1668,113.7609,1.77,45.00,341.58,0.650,0.950,Success
Baseline_days,6,200.0,21.1668,30.1691,1.71,45.00,25.97,0.650,0.674,Success
Baseline_days,6,200.0,21.1668,146.6334,1.88,45.00,35.97,0.650,0.950,Success
Baseline_days,6,200.0,21.1668,34.4172,1.12,45.00,173.04,0.650,0.950,Success
Baseline_days,6,200.0,21.1668,43.6228,2.18,45.00,911.76,0.650,0.937,Success
Baseline_days,6,200.0,21.1668,103.2354,2.01,45.00,282.09,0.650,0.913,Success
Baseline_days,6,200.0,21.1668,78.2136,1.57,45.00,354.42,0.650,0.950,Success
Baseline_days,6,200.0,21.1668,18.1671,2.49,45.00,165.49,0.650,0.186,Success
Baseline_days,6,200.0,21.1668,63.5366,2.50,45.00,351.60,0.650,0.742,Success
Baseline_days,6,200.0,21.1668,29.6926,2.48,45.00,156.57,0.650,0.791,Success
Baseline_days,6,200.0,21.1668,143.4934,0.52,45.00,125.39,0.650,0.950,Success
Baseline_days,6,200.0,21.1668,96.5970,2.07,45.00,632.14,0.650,0.943,Success
Baseline_days,6,200.0,21.1668,31.9487,2.49,45.00,45.35,0.650,0.475,Success
Baseline_days,6,200.0,21.1668,52.1906,2.39,45.00,32.79,0.650,0.230,Success
Baseline_days,6,200.0,21.1668,90.2882,2.06,45.00,286.87,0.650,0.917,Success
Baseline_days,6,200.0,21.1668,34.1108,2.35,45.00,207.88,0.650,0.734,Success
Baseline_days,6,200.0,21.1668,44.0284,2.39,45.00,317.31,0.650,0.950,Success
Baseline_days,6,200.0,21.1668,23.9372,2.44,45.00,44.59,0.650,0.589,Success
Baseline_days,6,200.0,21.1668,64.8307,0.86,45.00,52.33,0.650,0.950,Success
Baseline_days,6,195.0,21.1668,60.4945,0.93,45.00,33.92,0.650,0.914,Success
Baseline_days,6,195.0,21.1668,41.7541,2.37,45.00,20.85,0.650,0.471,Success
Baseline_days,6,195.0,21.1668,21.1369,2.50,45.00,30.59,0.650,0.523,Success
Baseline_days,6,195.0,21.1668,86.1455,2.17,45.00,59.23,0.650,0.775,Success
Baseline_days,6,195.0,21.1668,37.6991,1.28,45.00,120.46,0.650,0.950,Success
Baseline_days,6,195.0,21.1668,148.7653,1.56,45.00,155.77,0.650,0.879,Success
Baseline_days,6,195.0,21.1668,81.7512,2.50,45.00,73.80,0.650,0.458,Success
Baseline_days,6,195.0,21.1668,67.2851,2.46,45.00,806.40,0.650,0.950,Success
Baseline_days,6,195.0,21.1668,109.7010,1.66,45.00,37.29,0.650,0.950,Success
Baseline_days,6,195.0,21.1668,41.0871,2.18,45.00,1196.89,0.650,0.950,Success
Baseline_days,6,195.0,21.1668,52.2863,1.99,45.00,27.41,0.650,0.795,Success
Baseline_days,6,195.0,21.1668,131.2982,2.04,45.00,241.71,0.650,0.789,Success
Baseline_days,6,195.0,21.1668,57.9461,2.33,45.00,627.77,0.650,0.941,Success
Baseline_days,6,195.0,21.1668,89.2591,2.30,45.00,125.03,0.650,0.731,Success
Baseline_days,6,195.0,21.1668,31.2213,1.35,45.00,733.44,0.650,0.813,Success
Baseline_days,6,195.0,21.1668,64.4891,2.35,45.00,98.80,0.650,0.833,Success
Baseline_days,6,195.0,21.1668,29.5414,2.22,45.00,624.91,0.650,0.752,Success
Baseline_days,6,195.0,21.1668,41.1063,2.16,45.00,51.15,0.650,0.950,Success
Baseline_days,6,195.0,21.1668,64.9820,1.27,45.00,18.38,0.650,0.950,Success
Baseline_days,6,195.0,21.1668,47.5338,2.31,45.00,257.77,0.650,0.755,Success
Baseline_days,6,195.0,21.1668,126.3246,2.26,45.00,804.76,0.650,0.950,Success
Baseline_days,6,195.0,21.1668,63.0556,2.50,45.00,113.40,0.650,0.833,Success
Baseline_days,6,195.0,21.1668,21.1573,2.49,45.00,132.05,0.650,0.734,Success
Baseline_days,6,195.0,21.1668,50.5581,2.44,45.00,84.52,0.650,0.800,Success
Baseline_days,6,195.0,21.1668,97.0682,1.97,45.00,181.97,0.650,0.798,Success
Baseline_days,6,195.0,21.1668,44.5542,2.15,45.00,258.80,0.650,0.749,Success
Baseline_days,6,195.0,21.1668,65.1363,2.35,45.00,566.39,0.650,0.950,Success
Baseline_days,6,195.0,21.1668,113.7124,0.24,45.00,41.52,0.650,0.950,Success
Baseline_days,6,195.0,21.1668,55.9210,1.96,45.00,99.71,0.650,0.937,Success
Baseline_days,6,195.0,21.1668,36.7154,2.27,45.00,748.41,0.650,0.950,Success
Baseline_days,6,195.0,21.1668,35.4384,2.30,45.00,68.47,0.650,0.732,Success
Baseline_days,6,195.0,21.1668,77.1644,1.67,45.00,99.39,0.650,0.950,Success
Baseline_days,6,195.0,21.1668,180.5884,0.74,45.00,114.36,0.650,0.837,Success
Baseline_days,6,195.0,21.1668,39.0393,1.77,45.00,92.74,0.650,0.935,Success
Baseline_days,6,195.0,21.1668,42.1077,2.48,45.00,206.94,0.650,0.908,Success
Baseline_days,6,195.0,21.1668,42.9398,2.24,45.00,107.63,0.650,0.880,Success
Baseline_days,6,195.0,21.1668,63.7469,2.34,45.00,252.49,0.650,0.771,Success
Baseline_days,6,195.0,21.1668,171.7796,1.94,45.00,60.19,0.650,0.905,Success
Baseline_days,6,195.0,21.1668,121.7949,2.28,45.00,50.03,0.650,0.950,Success
Baseline_days,6,195.0,21.1668,159.0283,1.55,45.00,39.72,0.650,0.439,Success
Baseline_days,6,195.0,21.1668,40.0380,2.21,45.00,432.94,0.650,0.865,Success
Baseline_days,6,195.0,21.1668,130.3266,2.19,45.00,43.67,0.650,0.298,Success
Baseline_days,6,195.0,21.1668,25.9225,1.84,45.00,204.21,0.650,0.868,Success
Baseline_days,6,195.0,21.1668,37.8398,2.48,45.00,48.08,0.650,0.252,Success
Baseline_days,6,195.0,21.1668,191.4017,1.26,45.00,41.82,0.650,0.811,Success
Baseline_days,6,195.0,21.1668,174.4630,1.68,45.00,204.33,0.650,0.831,Success
Baseline_days,6,195.0,21.1668,61.6572,1.80,45.00,35.13,0.650,0.950,Success
Baseline_days,6,195.0,21.1668,177.0735,1.30,45.00,279.82,0.650,0.950,Success
Baseline_days,6,195.0,21.1668,62.0809,1.94,45.00,20.98,0.650,0.950,Success
Baseline_days,6,195.0,21.1668,147.4825,1.76,45.00,559.72,0.650,0.950,Success
Baseline_days,6,195.0,21.1668,31.7347,2.33,45.00,122.26,0.650,0.829,Success
Baseline_days,6,195.0,21.1668,136.7679,1.56,45.00,117.49,0.650,0.833,Success
Baseline_days,6,195.0,21.1668,93.2586,1.61,45.00,1071.54,0.650,0.950,Success
Baseline_days,6,195.0,21.1668,42.1985,2.15,45.00,64.47,0.650,0.950,Success
Baseline_days,6,195.0,21.1668,27.1280,2.12,45.00,475.62,0.650,0.840,Success
Baseline_days,6,195.0,21.1668,55.5524,2.49,45.00,273.03,0.650,0.950,Success
Baseline_days,6,195.0,21.1668,40.0903,2.20,45.00,117.95,0.650,0.950,Success
Baseline_days,6,195.0,21.1668,94.7876,2.06,45.00,118.66,0.650,0.776,Success
Baseline_days,6,195.0,21.1668,27.8894,2.47,45.00,33.76,0.650,0.089,Success
Baseline_days,6,195.0,21.1668,51.1952,1.58,45.00,98.01,0.650,0.920,Success
Baseline_days,6,195.0,21.1668,25.4306,2.46,45.00,38.37,0.650,0.053,Success
Baseline_days,6,195.0,21.1668,82.5003,1.97,45.00,32.10,0.650,0.950,Success
Baseline_days,6,195.0,21.1668,98.9278,1.39,45.00,88.20,0.650,0.849,Success
Baseline_days,6,195.0,21.1668,37.0179,1.94,45.00,782.56,0.650,0.950,Success
Baseline_days,6,195.0,21.1668,59.9657,1.74,45.00,97.58,0.650,0.950,Success
Baseline_days,6,195.0,21.1668,67.4954,1.53,45.00,409.66,0.650,0.861,Success
Baseline_days,6,195.0,21.1668,142.7272,1.67,45.00,63.30,0.650,0.950,Success
Baseline_days,6,195.0,21.1668,15.4608,2.03,45.00,467.66,0.650,0.950,Success
Baseline_days,6,195.0,21.1668,56.1258,1.78,45.00,242.15,0.650,0.950,Success
Baseline_days,6,195.0,21.1668,92.3507,2.20,45.00,68.01,0.650,0.950,Success
Baseline_days,6,190.0,21.1668,19.5635,2.38,45.00,44.61,0.650,0.685,Success
Baseline_days,6,190.0,21.1668,173.8905,1.73,45.00,40.69,0.650,0.558,Success
Baseline_days,6,190.0,21.1668,41.3418,2.44,45.00,154.80,0.650,0.770,Success
Baseline_days,6,190.0,21.1668,51.4760,1.99,45.00,74.48,0.650,0.526,Success
Baseline_days,6,190.0,21.1668,55.2701,2.50,45.00,45.55,0.650,0.114,Success
Baseline_days,6,190.0,21.1668,102.6101,2.00,45.00,497.25,0.650,0.712,Success
Baseline_days,6,190.0,21.1668,41.9777,2.49,45.00,53.02,0.650,0.183,Success
Baseline_days,6,190.0,21.1668,63.9042,2.50,45.00,943.47,0.650,0.857,Success
Baseline_days,6,190.0,21.1668,153.7246,1.81,45.00,498.98,0.650,0.950,Success
Baseline_days,6,190.0,21.1668,33.6900,2.20,45.00,94.46,0.650,0.950,Success
Baseline_days,6,190.0,21.1668,78.1099,2.42,45.00,44.02,0.650,0.231,Success
Baseline_days,6,190.0,21.1668,78.0614,1.48,45.00,603.40,0.650,0.950,Success
Baseline_days,6,190.0,21.1668,64.3095,2.12,45.00,51.31,0.650,0.581,Success
Baseline_days,6,190.0,21.1668,37.1584,2.41,45.00,31.27,0.650,0.293,Success
Baseline_days,6,190.0,21.1668,87.8214,2.23,45.00,167.13,0.650,0.754,Success
Baseline_days,6,190.0,21.1668,169.0551,1.78,45.00,50.38,0.650,0.950,Success
Baseline_days,6,190.0,21.1668,63.3100,2.50,45.00,277.01,0.650,0.659,Success
Baseline_days,6,190.0,21.1668,41.3965,2.44,45.00,202.43,0.650,0.750,Success
Baseline_days,6,190.0,21.1668,24.6513,2.50,45.00,18.92,0.650,0.028,Success
Baseline_days,6,190.0,21.1668,42.5429,2.50,45.00,611.25,0.650,0.942,Success
Baseline_days,6,190.0,21.1668,29.9180,2.43,45.00,624.96,0.650,0.950,Success
Baseline_days,6,190.0,21.1668,29.2542,2.29,45.00,39.27,0.650,0.950,Success
Baseline_days,6,190.0,21.1668,115.5856,1.42,45.00,277.41,0.650,0.950,Success
Baseline_days,6,190.0,21.1668,115.0499,2.38,45.00,501.07,0.650,0.744,Success
Baseline_days,6,190.0,21.1668,33.9787,1.71,45.00,551.82,0.650,0.768,Success
Baseline_days,6,190.0,21.1668,40.4526,2.08,45.00,213.18,0.650,0.919,Success
Baseline_days,6,190.0,21.1668,143.6068,2.34,45.00,193.59,0.650,0.734,Success
Baseline_days,6,190.0,21.1668,65.1573,1.86,45.00,223.30,0.650,0.895,Success
Baseline_days,6,190.0,21.1668,30.8940,2.48,45.00,42.41,0.650,0.121,Success
Baseline_days,6,190.0,21.1668,114.7137,1.58,45.00,152.24,0.650,0.950,Success
Baseline_days,6,190.0,21.1668,133.9061,1.82,45.00,578.42,0.650,0.885,Success
Baseline_days,6,190.0,21.1668,63.4534,2.40,45.00,937.61,0.650,0.820,Success
Baseline_days,6,190.0,21.1668,84.9903,1.82,45.00,264.89,0.650,0.773,Success
Baseline_days,6,190.0,21.1668,63.6552,2.48,45.00,384.23,0.650,0.726,Success
Baseline_days,6,190.0,21.1668,21.0758,2.50,45.00,105.22,0.650,0.901,Success
Baseline_days,6,190.0,21.1668,95.6346,0.71,45.00,60.56,0.650,0.878,Success
Baseline_days,6,190.0,21.1668,70.8108,2.50,45.00,37.87,0.650,0.022,Success
Baseline_days,6,190.0,21.1668,85.1785,2.13,45.00,30.95,0.650,0.261,Success
Baseline_days,6,190.0,21.1668,88.5349,0.47,45.00,65.16,0.650,0.950,Success
Baseline_days,6,190.0,21.1668,20.1113,2.47,45.00,1649.12,0.650,0.950,Success
Baseline_days,6,190.0,21.1668,75.3779,1.66,45.00,154.37,0.650,0.831,Success
Baseline_days,6,190.0,21.1668,89.5117,1.89,45.00,101.25,0.650,0.674,Success
Baseline_days,6,190.0,21.1668,26.2043,2.14,45.00,119.44,0.650,0.722,Success
Baseline_days,6,190.0,21.1668,55.3469,2.20,45.00,754.63,0.650,0.785,Success
Baseline_days,6,190.0,21.1668,86.6835,2.28,45.00,45.14,0.650,0.455,Success
Baseline_days,6,190.0,21.1668,23.3663,2.48,45.00,44.49,0.650,0.655,Success
Baseline_days,6,190.0,21.1668,116.8590,1.43,45.00,2356.62,0.650,0.950,Success
Baseline_days,6,190.0,21.1668,72.1463,1.68,45.00,95.92,0.650,0.950,Success
Baseline_days,6,190.0,21.1668,48.5690,1.32,45.00,470.43,0.650,0.950,Success
Baseline_days,6,190.0,21.1668,52.6507,1.15,45.00,36.21,0.650,0.950,Success
Baseline_days,6,190.0,21.1668,42.0631,2.46,45.00,243.89,0.650,0.950,Success
Baseline_days,6,190.0,21.1668,21.2167,2.41,45.00,69.19,0.650,0.760,Success
Baseline_days,6,190.0,21.1668,38.4244,2.19,45.00,421.99,0.650,0.825,Success
Baseline_days,6,190.0,21.1668,24.9199,2.48,45.00,19.62,0.650,0.108,Success
Baseline_days,6,190.0,21.1668,82.9027,2.25,45.00,175.95,0.650,0.782,Success
Baseline_days,6,190.0,21.1668,40.1801,2.16,45.00,53.99,0.650,0.950,Success
Baseline_days,6,190.0,21.1668,79.9863,2.26,45.00,166.81,0.650,0.903,Success
Baseline_days,6,190.0,21.1668,85.2037,1.32,45.00,20.64,0.650,0.950,Success
Baseline_days,6,190.0,21.1668,66.9987,2.49,45.00,1951.97,0.650,0.740,Success
Baseline_days,6,190.0,21.1668,125.4311,2.50,45.00,77.02,0.650,0.099,Success
Baseline_days,6,190.0,21.1668,74.1591,2.18,45.00,118.95,0.650,0.950,Success
Baseline_days,6,190.0,21.1668,23.0565,2.29,45.00,190.80,0.650,0.941,Success
Baseline_days,6,190.0,21.1668,34.5320,1.77,45.00,48.45,0.650,0.467,Success
Baseline_days,6,190.0,21.1668,110.6669,1.69,45.00,104.12,0.650,0.950,Success
Baseline_days,6,190.0,21.1668,65.2042,2.48,45.00,214.65,0.650,0.941,Success
Baseline_days,6,190.0,21.1668,95.5839,0.40,45.00,24.19,0.650,0.950,Success
Baseline_days,6,190.0,21.1668,41.9046,2.43,45.00,36.62,0.650,0.307,Success
Baseline_days,6,190.0,21.1668,31.9948,2.46,45.00,158.36,0.650,0.893,Success
Baseline_days,6,190.0,21.1668,75.4317,0.67,45.00,111.58,0.650,0.900,Success
Baseline_days,6,190.0,21.1668,16.0552,2.49,45.00,344.69,0.650,0.798,Success
Baseline_days,6,185.0,21.1668,63.5954,1.96,45.00,38.15,0.650,0.513,Success
Baseline_days,6,185.0,21.1668,76.5357,2.49,45.00,27.82,0.650,0.282,Success
Baseline_days,6,185.0,21.1668,31.7850,2.44,45.00,217.01,0.650,0.903,Success
Baseline_days,6,185.0,21.1668,168.3310,1.54,45.00,171.28,0.650,0.930,Success
Baseline_days,6,185.0,21.1668,69.0955,1.95,45.00,290.38,0.650,0.751,Success
Baseline_days,6,185.0,21.1668,25.9038,2.45,45.00,21.87,0.650,0.388,Success
Baseline_days,6,185.0,21.1668,23.4993,2.13,45.00,38.98,0.650,0.587,Success
Baseline_days,6,185.0,21.1668,42.3119,1.62,45.00,971.68,0.650,0.950,Success
Baseline_days,6,185.0,21.1668,42.6974,2.34,45.00,180.19,0.650,0.644,Success
Baseline_days,6,185.0,21.1668,105.1164,2.46,45.00,104.24,0.650,0.919,Success
Baseline_days,6,185.0,21.1668,43.1724,1.93,45.00,294.26,0.650,0.950,Success
Baseline_days,6,185.0,21.1668,106.8319,2.47,45.00,309.21,0.650,0.950,Success
Baseline_days,6,185.0,21.1668,31.5717,1.81,45.00,141.79,0.650,0.873,Success
Baseline_days,6,185.0,21.1668,49.8813,2.08,45.00,13.77,0.650,0.492,Success
Baseline_days,6,185.0,21.1668,67.7406,2.08,45.00,115.47,0.650,0.950,Success
Baseline_days,6,185.0,21.1668,96.8215,1.74,45.00,41.69,0.650,0.624,Success
Baseline_days,6,185.0,21.1668,62.9872,2.49,45.00,259.91,0.650,0.791,Success
Baseline_days,6,185.0,21.1668,114.4121,2.48,45.00,65.20,0.650,0.165,Success
Baseline_days,6,185.0,21.1668,23.2743,2.03,45.00,45.31,0.650,0.665,Success
Baseline_days,6,185.0,21.1668,57.6041,1.74,45.00,424.99,0.650,0.950,Success
Baseline_days,6,185.0,21.1668,131.6169,1.90,45.00,174.54,0.650,0.854,Success
Baseline_days,6,185.0,21.1668,61.0848,2.21,45.00,155.26,0.650,0.862,Success
Baseline_days,6,185.0,21.1668,144.7521,2.50,45.00,39.80,0.650,0.332,Success
Baseline_days,6,185.0,21.1668,120.6051,2.34,45.00,2261.25,0.650,0.798,Success
Baseline_days,6,185.0,21.1668,53.1810,2.40,45.00,50.38,0.650,0.304,Success
Baseline_days,6,185.0,21.1668,15.8131,2.21,45.00,62.30,0.650,0.779,Success
Baseline_days,6,185.0,21.1668,111.2188,1.72,45.00,60.07,0.650,0.492,Success
Baseline_days,6,185.0,21.1668,51.2295,1.32,45.00,99.03,0.650,0.934,Success
Baseline_days,6,185.0,21.1668,21.1086,2.50,45.00,168.19,0.650,0.950,Success
Baseline_days,6,185.0,21.1668,47.2894,1.96,45.00,163.01,0.650,0.740,Success
Baseline_days,6,185.0,21.1668,33.9659,2.49,45.00,40.13,0.650,0.090,Success
Baseline_days,6,185.0,21.1668,85.7030,2.49,45.00,58.84,0.650,0.188,Success
Baseline_days,6,185.0,21.1668,39.1472,1.85,45.00,331.12,0.650,0.830,Success
Baseline_days,6,185.0,21.1668,182.6161,1.58,45.00,215.96,0.650,0.822,Success
Baseline_days,6,185.0,21.1668,54.0088,2.09,45.00,95.37,0.650,0.591,Success
Baseline_days,6,185.0,21.1668,18.3247,2.03,45.00,269.92,0.650,0.866,Success
Baseline_days,6,185.0,21.1668,42.7281,1.75,45.00,37.09,0.650,0.763,Success
Baseline_days,6,185.0,21.1668,42.1343,2.41,45.00,186.48,0.650,0.850,Success
Baseline_days,6,185.0,21.1668,83.8335,2.39,45.00,140.91,0.650,0.404,Success
Baseline_days,6,185.0,21.1668,68.5569,2.45,45.00,29.70,0.650,0.145,Success
Baseline_days,6,185.0,21.1668,21.4359,2.47,45.00,63.88,0.650,0.790,Success
Baseline_days,6,185.0,21.1668,58.6211,2.24,45.00,124.97,0.650,0.897,Success
Baseline_days,6,185.0,21.1668,84.6840,2.50,45.00,134.68,0.650,0.950,Success
Baseline_days,6,185.0,21.1668,26.1661,2.34,45.00,190.03,0.650,0.796,Success
Baseline_days,6,185.0,21.1668,22.5327,2.21,45.00,45.73,0.650,0.621,Success
Baseline_days,6,185.0,21.1668,101.5667,1.64,45.00,416.29,0.650,0.950,Success
Baseline_days,6,185.0,21.1668,49.2233,1.86,45.00,415.06,0.650,0.950,Success
Baseline_days,6,185.0,21.1668,41.8657,2.49,45.00,29.12,0.650,0.078,Success
Baseline_days,6,185.0,21.1668,34.1688,1.21,45.00,82.33,0.650,0.795,Success
Baseline_days,6,185.0,21.1668,148.9539,1.65,45.00,338.54,0.650,0.950,Success
Baseline_days,6,185.0,21.1668,82.4520,1.28,45.00,145.14,0.650,0.892,Success
Baseline_days,6,185.0,21.1668,39.8333,2.30,45.00,100.68,0.650,0.950,Success
Baseline_days,6,185.0,21.1668,62.2735,1.80,45.00,31.29,0.650,0.592,Success
Baseline_days,6,185.0,21.1668,42.1829,2.48,45.00,257.15,0.650,0.830,Success
Baseline_days,6,185.0,21.1668,125.0466,2.32,45.00,540.45,0.650,0.950,Success
Baseline_days,6,185.0,21.1668,75.8913,1.09,45.00,265.44,0.650,0.946,Success
Baseline_days,6,185.0,21.1668,37.7531,2.49,45.00,353.62,0.650,0.950,Success
Baseline_days,6,185.0,21.1668,32.2812,2.48,45.00,28.78,0.650,0.110,Success
Baseline_days,6,185.0,21.1668,25.6930,2.46,45.00,186.93,0.650,0.762,Success
Baseline_days,6,185.0,21.1668,44.2254,2.20,45.00,323.97,0.650,0.717,Success
Baseline_days,6,185.0,21.1668,14.1386,2.42,45.00,140.45,0.650,0.836,Success
Baseline_days,6,185.0,21.1668,106.9051,2.15,45.00,23.62,0.650,0.461,Success
Baseline_days,6,185.0,21.1668,46.5794,1.37,45.00,48.41,0.650,0.690,Success
Baseline_days,6,185.0,21.1668,42.6715,1.97,45.00,203.61,0.650,0.838,Success
Baseline_days,6,185.0,21.1668,41.9836,2.49,45.00,355.03,0.650,0.749,Success
Baseline_days,6,185.0,21.1668,59.6229,1.78,45.00,23.21,0.650,0.562,Success
Baseline_days,6,185.0,21.1668,42.4259,2.49,45.00,29.71,0.650,0.082,Success
Baseline_days,6,185.0,21.1668,42.9068,2.43,45.00,26.17,0.650,0.627,Success
Baseline_days,6,185.0,21.1668,61.3853,1.71,45.00,107.32,0.650,0.833,Success
Baseline_days,6,185.0,21.1668,128.8655,2.14,45.00,535.03,0.650,0.871,Success
Baseline_days,6,180.0,21.1668,58.2256,2.28,45.00,36.51,0.650,0.506,Success
Baseline_days,6,180.0,21.1668,63.4807,2.50,45.00,439.06,0.650,0.950,Success
Baseline_days,6,180.0,21.1668,60.5406,0.47,45.00,38.96,0.650,0.950,Success
Baseline_days,6,180.0,21.1668,42.3651,2.49,45.00,21.34,0.650,0.289,Success
Baseline_days,6,180.0,21.1668,21.2262,1.93,45.00,44.64,0.650,0.643,Success
Baseline_days,6,180.0,21.1668,83.3572,2.49,45.00,56.46,0.650,0.158,Success
Baseline_days,6,180.0,21.1668,56.7139,2.31,45.00,267.35,0.650,0.950,Success
Baseline_days,6,180.0,21.1668,62.6719,2.49,45.00,306.37,0.650,0.768,Success
Baseline_days,6,180.0,21.1668,128.2301,1.99,45.00,44.64,0.650,0.579,Success
Baseline_days,6,180.0,21.1668,83.0059,2.45,45.00,245.47,0.650,0.950,Success
Baseline_days,6,180.0,21.1668,122.8612,2.36,45.00,843.31,0.650,0.712,Success
Baseline_days,6,180.0,21.1668,67.5657,2.08,45.00,117.32,0.650,0.492,Success
Baseline_days,6,180.0,21.1668,39.7628,2.48,45.00,29.62,0.650,0.447,Success
Baseline_days,6,180.0,21.1668,146.5657,1.69,45.00,149.19,0.650,0.950,Success
Baseline_days,6,180.0,21.1668,150.3402,1.59,45.00,30.16,0.650,0.950,Success
Baseline_days,6,180.0,21.1668,27.0675,2.46,45.00,336.42,0.650,0.743,Success
Baseline_days,6,180.0,21.1668,61.5983,2.49,45.00,331.14,0.650,0.820,Success
Baseline_days,6,180.0,21.1668,42.4238,2.45,45.00,255.03,0.650,0.802,Success
Baseline_days,6,180.0,21.1668,32.3220,2.43,45.00,159.08,0.650,0.837,Success
Baseline_days,6,180.0,21.1668,70.6897,2.19,45.00,141.14,0.650,0.751,Success
Baseline_days,6,180.0,21.1668,41.9097,2.50,45.00,439.59,0.650,0.692,Success
Baseline_days,6,180.0,21.1668,84.1742,2.49,45.00,1557.26,0.650,0.804,Success
Baseline_days,6,180.0,21.1668,29.7665,1.94,45.00,59.80,0.650,0.739,Success
Baseline_days,6,180.0,21.1668,42.7428,2.42,45.00,32.82,0.650,0.189,Success
Baseline_days,6,180.0,21.1668,63.1555,2.50,45.00,577.82,0.650,0.950,Success
Baseline_days,6,180.0,21.1668,51.6615,2.04,45.00,41.74,0.650,0.363,Success
Baseline_days,6,180.0,21.1668,20.7115,2.46,45.00,41.64,0.650,0.640,Success
Baseline_days,6,180.0,21.1668,53.2142,1.80,45.00,25.43,0.650,0.309,Success
Baseline_days,6,180.0,21.1668,69.7539,0.97,45.00,84.15,0.650,0.861,Success
Baseline_days,6,180.0,21.1668,84.3090,2.50,45.00,50.91,0.650,0.151,Success
Baseline_days,6,180.0,21.1668,67.6652,0.62,45.00,36.18,0.650,0.950,Success
Baseline_days,6,180.0,21.1668,41.3641,2.49,45.00,429.73,0.650,0.798,Success
Baseline_days,6,180.0,21.1668,83.9887,1.92,45.00,324.92,0.650,0.950,Success
Baseline_days,6,180.0,21.1668,103.3995,2.26,45.00,58.53,0.650,0.935,Success
Baseline_days,6,180.0,21.1668,89.0691,2.22,45.00,37.10,0.650,0.434,Success
Baseline_days,6,180.0,21.1668,65.3362,2.13,45.00,43.84,0.650,0.507,Success
Baseline_days,6,180.0,21.1668,81.5969,2.38,45.00,94.55,0.650,0.085,Success
Baseline_days,6,180.0,21.1668,34.9835,2.43,45.00,49.13,0.650,0.651,Success
Baseline_days,6,180.0,21.1668,49.4237,1.68,45.00,380.89,0.650,0.884,Success
Baseline_days,6,180.0,21.1668,71.8170,2.44,45.00,41.48,0.650,0.238,Success
Baseline_days,6,180.0,21.1668,81.3381,2.21,45.00,53.43,0.650,0.376,Success
Baseline_days,6,180.0,21.1668,107.2312,2.50,45.00,100.02,0.650,0.950,Success
Baseline_days,6,180.0,21.1668,70.8225,2.30,45.00,988.88,0.650,0.950,Success
Baseline_days,6,180.0,21.1668,114.5399,1.45,45.00,207.20,0.650,0.815,Success
Baseline_days,6,180.0,21.1668,42.3521,2.49,45.00,371.54,0.650,0.877,Success
Baseline_days,6,180.0,21.1668,64.2001,2.04,45.00,134.50,0.650,0.886,Success
Baseline_days,6,180.0,21.1668,84.2541,2.35,45.00,582.38,0.650,0.729,Success
Baseline_days,6,180.0,21.1668,70.5177,1.69,45.00,38.04,0.650,0.673,Success
Baseline_days,6,180.0,21.1668,53.6248,2.42,45.00,505.63,0.650,0.808,Success
Baseline_days,6,180.0,21.1668,168.7782,2.04,45.00,331.35,0.650,0.771,Success
Baseline_days,6,180.0,21.1668,52.3425,2.41,45.00,180.20,0.650,0.808,Success
Baseline_days,6,180.0,21.1668,83.8932,0.81,45.00,57.67,0.650,0.950,Success
Baseline_days,6,180.0,21.1668,112.3668,1.19,45.00,153.97,0.650,0.950,Success
Baseline_days,6,180.0,21.1668,47.1076,2.13,45.00,469.16,0.650,0.786,Success
Baseline_days,6,180.0,21.1668,121.2032,2.30,45.00,125.41,0.650,0.725,Success
Baseline_days,6,180.0,21.1668,37.2679,2.47,45.00,43.50,0.650,0.248,Success
Baseline_days,6,180.0,21.1668,24.9180,2.18,45.00,227.85,0.650,0.880,Success
Baseline_days,6,180.0,21.1668,63.4877,2.34,45.00,49.21,0.650,0.508,Success
Baseline_days,6,180.0,21.1668,105.2220,2.30,45.00,239.93,0.650,0.950,Success
Baseline_days,6,180.0,21.1668,84.9275,2.50,45.00,473.75,0.650,0.935,Success
Baseline_days,6,180.0,21.1668,76.1809,2.04,45.00,185.06,0.650,0.950,Success
Baseline_days,6,180.0,21.1668,22.4855,2.21,45.00,43.92,0.650,0.713,Success
Baseline_days,6,180.0,21.1668,63.3941,2.49,45.00,810.66,0.650,0.818,Success
Baseline_days,6,180.0,21.1668,60.2795,1.46,45.00,447.71,0.650,0.856,Success
Baseline_days,6,180.0,21.1668,51.1031,1.55,45.00,21.16,0.650,0.950,Success
Baseline_days,6,180.0,21.1668,92.3487,1.71,45.00,39.27,0.650,0.665,Success
Baseline_days,6,180.0,21.1668,62.1719,2.03,45.00,185.93,0.650,0.950,Success
Baseline_days,6,180.0,21.1668,42.0183,2.45,45.00,318.26,0.650,0.950,Success
Baseline_days,6,180.0,21.1668,21.7723,2.17,45.00,20.58,0.650,0.320,Success
Baseline_days,6,180.0,21.1668,40.4141,2.48,45.00,415.85,0.650,0.740,Success
Baseline_days,6,175.0,21.1668,20.4204,2.38,45.00,32.01,0.650,0.529,Success
Baseline_days,6,175.0,21.1668,84.4673,2.31,45.00,143.04,0.650,0.950,Success
Baseline_days,6,175.0,21.1668,92.2365,2.26,45.00,29.91,0.650,0.476,Success
Baseline_days,6,175.0,21.1668,50.7237,2.43,45.00,409.20,0.650,0.737,Success
Baseline_days,6,175.0,21.1668,50.7623,1.55,45.00,130.09,0.650,0.950,Success
Baseline_days,6,175.0,21.1668,42.9011,2.47,45.00,262.88,0.650,0.744,Success
Baseline_days,6,175.0,21.1668,62.0566,1.71,45.00,35.60,0.650,0.950,Success
Baseline_days,6,175.0,21.1668,61.8676,2.24,45.00,39.25,0.650,0.284,Success
Baseline_days,6,175.0,21.1668,117.9611,2.44,45.00,239.21,0.650,0.786,Success
Baseline_days,6,175.0,21.1668,83.4546,2.46,45.00,969.91,0.650,0.711,Success
Baseline_days,6,175.0,21.1668,112.4497,2.24,45.00,980.79,0.650,0.937,Success
Baseline_days,6,175.0,21.1668,62.0596,1.96,45.00,218.88,0.650,0.950,Success
Baseline_days,6,175.0,21.1668,23.9117,2.41,45.00,539.19,0.650,0.923,Success
Baseline_days,6,175.0,21.1668,92.0370,2.36,45.00,800.65,0.650,0.950,Success
Baseline_days,6,175.0,21.1668,64.6872,2.49,45.00,237.69,0.650,0.834,Success
Baseline_days,6,175.0,21.1668,58.2932,1.89,45.00,138.98,0.650,0.756,Success
Baseline_days,6,175.0,21.1668,52.5244,2.27,45.00,121.75,0.650,0.732,Success
Baseline_days,6,175.0,21.1668,56.4139,2.21,45.00,328.66,0.650,0.751,Success
Baseline_days,6,175.0,21.1668,52.0703,2.43,45.00,25.17,0.650,0.519,Success
Baseline_days,6,175.0,21.1668,124.8433,1.20,45.00,589.00,0.650,0.950,Success
Baseline_days,6,175.0,21.1668,64.7445,2.47,45.00,55.64,0.650,0.139,Success
Baseline_days,6,175.0,21.1668,49.0089,2.01,45.00,278.34,0.650,0.777,Success
Baseline_days,6,175.0,21.1668,43.8562,2.47,45.00,79.21,0.650,0.337,Success
Baseline_days,6,175.0,21.1668,48.8774,1.74,45.00,264.35,0.650,0.881,Success
Baseline_days,6,175.0,21.1668,63.0704,2.41,45.00,540.50,0.650,0.747,Success
Baseline_days,6,175.0,21.1668,42.7750,2.06,45.00,73.56,0.650,0.893,Success
Baseline_days,6,175.0,21.1668,21.4041,2.49,45.00,191.84,0.650,0.926,Success
Baseline_days,6,175.0,21.1668,62.6818,1.39,45.00,19.22,0.650,0.833,Success
Baseline_days,6,175.0,21.1668,41.4194,2.46,45.00,53.57,0.650,0.287,Success
Baseline_days,6,175.0,21.1668,108.9151,1.70,45.00,21.13,0.650,0.950,Success
Baseline_days,6,175.0,21.1668,69.6681,2.20,45.00,251.85,0.650,0.950,Success
Baseline_days,6,175.0,21.1668,81.2098,1.22,45.00,270.79,0.650,0.950,Success
Baseline_days,6,175.0,21.1668,52.4560,2.39,45.00,51.54,0.650,0.323,Success
Baseline_days,6,175.0,21.1668,72.9952,2.28,45.00,132.77,0.650,0.841,Success
Baseline_days,6,175.0,21.1668,42.8658,2.45,45.00,216.37,0.650,0.908,Success
Baseline_days,6,175.0,21.1668,78.0868,2.22,45.00,45.77,0.650,0.500,Success
Baseline_days,6,175.0,21.1668,23.2205,2.47,45.00,25.59,0.650,0.182,Success
Baseline_days,6,175.0,21.1668,102.2892,2.13,45.00,126.71,0.650,0.950,Success
Baseline_days,6,175.0,21.1668,35.0011,2.47,45.00,153.06,0.650,0.828,Success
Baseline_days,6,175.0,21.1668,20.4221,2.37,45.00,70.37,0.650,0.762,Success
Baseline_days,6,175.0,21.1668,138.3087,0.27,45.00,41.96,0.650,0.950,Success
Baseline_days,6,175.0,21.1668,84.3053,2.43,45.00,209.89,0.650,0.950,Success
Baseline_days,6,175.0,21.1668,69.0969,2.29,45.00,680.90,0.650,0.950,Success
Baseline_days,6,175.0,21.1668,83.8715,1.08,45.00,91.73,0.650,0.936,Success
Baseline_days,6,175.0,21.1668,66.5808,2.50,45.00,255.70,0.650,0.950,Success
Baseline_days,6,175.0,21.1668,63.7534,2.49,45.00,663.90,0.650,0.710,Success
Baseline_days,6,175.0,21.1668,106.4895,2.15,45.00,201.15,0.650,0.950,Success
Baseline_days,6,175.0,21.1668,108.1280,2.39,45.00,441.85,0.650,0.743,Success
Baseline_days,6,175.0,21.1668,78.0891,1.68,45.00,781.75,0.650,0.950,Success
Baseline_days,6,175.0,21.1668,89.0548,2.44,45.00,47.02,0.650,0.233,Success
Baseline_days,6,175.0,21.1668,45.8510,2.37,45.00,3321.08,0.650,0.832,Success
Baseline_days,6,175.0,21.1668,61.8418,2.01,45.00,115.08,0.650,0.811,Success
Baseline_days,6,175.0,21.1668,60.6693,2.36,45.00,153.79,0.650,0.950,Success
Baseline_days,6,175.0,21.1668,107.0973,1.89,45.00,58.84,0.650,0.915,Success
Baseline_days,6,175.0,21.1668,63.3731,2.36,45.00,223.66,0.650,0.778,Success
Baseline_days,6,175.0,21.1668,57.2501,1.87,45.00,47.89,0.650,0.950,Success
Baseline_days,6,175.0,21.1668,21.6691,2.43,45.00,296.55,0.650,0.950,Success
Baseline_days,6,175.0,21.1668,48.3147,2.25,45.00,50.12,0.650,0.395,Success
Baseline_days,6,175.0,21.1668,62.4248,0.78,45.00,33.77,0.650,0.950,Success
Baseline_days,6,175.0,21.1668,21.2529,2.50,45.00,173.11,0.650,0.887,Success
Baseline_days,6,175.0,21.1668,35.3496,1.97,45.00,38.37,0.650,0.950,Success
Baseline_days,6,175.0,21.1668,103.7379,1.56,45.00,131.31,0.650,0.950,Success
Baseline_days,6,175.0,21.1668,39.4068,2.18,45.00,594.99,0.650,0.822,Success
Baseline_days,6,175.0,21.1668,64.4291,2.48,45.00,55.38,0.650,0.286,Success
Baseline_days,6,175.0,21.1668,106.5586,2.48,45.00,72.57,0.650,0.066,Success
Baseline_days,6,175.0,21.1668,50.6776,1.80,45.00,1325.06,0.650,0.950,Success
Baseline_days,6,175.0,21.1668,62.2652,1.80,45.00,1347.37,0.650,0.909,Success
Baseline_days,6,175.0,21.1668,161.9788,1.69,45.00,18.24,0.650,0.097,Success
Baseline_days,6,175.0,21.1668,86.4655,2.26,45.00,286.12,0.650,0.819,Success
Baseline_days,6,175.0,21.1668,21.1941,2.39,45.00,115.62,0.650,0.863,Success
Baseline_days,6,170.0,21.1668,60.5395,2.50,45.00,34.24,0.650,0.116,Success
Baseline_days,6,170.0,21.1668,18.9773,2.45,45.00,40.74,0.650,0.833,Success
Baseline_days,6,170.0,21.1668,20.6312,2.48,45.00,25.46,0.650,0.291,Success
Baseline_days,6,170.0,21.1668,38.3849,2.22,45.00,39.64,0.650,0.131,Success
Baseline_days,6,170.0,21.1668,21.2807,1.79,45.00,45.01,0.650,0.647,Success
Baseline_days,6,170.0,21.1668,103.6259,2.34,45.00,118.45,0.650,0.415,Success
Baseline_days,6,170.0,21.1668,39.7293,2.44,45.00,70.11,0.650,0.766,Success
Baseline_days,6,170.0,21.1668,45.0684,1.51,45.00,146.19,0.650,0.851,Success
Baseline_days,6,170.0,21.1668,114.2611,1.60,45.00,37.01,0.650,0.625,Success
Baseline_days,6,170.0,21.1668,41.3963,2.33,45.00,24.20,0.650,0.796,Success
Baseline_days,6,170.0,21.1668,46.6036,2.28,45.00,885.19,0.650,0.950,Success
Baseline_days,6,170.0,21.1668,102.0544,2.01,45.00,954.88,0.650,0.950,Success
Baseline_days,6,170.0,21.1668,70.3206,2.45,45.00,41.08,0.650,0.376,Success
Baseline_days,6,170.0,21.1668,20.7086,2.35,45.00,40.86,0.650,0.578,Success
Baseline_days,6,170.0,21.1668,50.5349,1.85,45.00,107.22,0.650,0.950,Success
Baseline_days,6,170.0,21.1668,34.0742,1.78,45.00,219.89,0.650,0.811,Success
Baseline_days,6,170.0,21.1668,90.8662,1.79,45.00,169.67,0.650,0.815,Success
Baseline_days,6,170.0,21.1668,72.4641,1.02,45.00,128.26,0.650,0.950,Success
Baseline_days,6,170.0,21.1668,57.7610,2.47,45.00,49.30,0.650,0.061,Success
Baseline_days,6,170.0,21.1668,47.1541,2.29,45.00,1978.66,0.650,0.950,Success
Baseline_days,6,170.0,21.1668,21.6417,2.35,45.00,92.36,0.650,0.822,Success
Baseline_days,6,170.0,21.1668,70.5627,2.50,45.00,53.86,0.650,0.298,Success
Baseline_days,6,170.0,21.1668,104.9756,2.50,45.00,70.14,0.650,0.194,Success
Baseline_days,6,170.0,21.1668,61.6635,2.47,45.00,1250.82,0.650,0.950,Success
Baseline_days,6,170.0,21.1668,41.7019,2.39,45.00,31.63,0.650,0.484,Success
Baseline_days,6,170.0,21.1668,75.8958,1.36,45.00,227.72,0.650,0.786,Success
Baseline_days,6,170.0,21.1668,50.0778,1.61,45.00,633.78,0.650,0.836,Success
Baseline_days,6,170.0,21.1668,21.6775,2.46,45.00,139.07,0.650,0.950,Success
Baseline_days,6,170.0,21.1668,91.6502,2.47,45.00,37.12,0.650,0.726,Success
Baseline_days,6,170.0,21.1668,71.5101,1.36,45.00,98.97,0.650,0.950,Success
Baseline_days,6,170.0,21.1668,108.6763,2.00,45.00,318.16,0.650,0.950,Success
Baseline_days,6,170.0,21.1668,109.3531,2.14,45.00,129.06,0.650,0.785,Success
Baseline_days,6,170.0,21.1668,68.4399,1.55,45.00,40.08,0.650,0.514,Success
Baseline_days,6,170.0,21.1668,33.3277,2.29,45.00,37.95,0.650,0.535,Success
Baseline_days,6,170.0,21.1668,131.7372,2.33,45.00,131.81,0.650,0.838,Success
Baseline_days,6,170.0,21.1668,46.2426,1.66,45.00,1032.49,0.650,0.950,Success
Baseline_days,6,170.0,21.1668,30.6540,1.25,45.00,506.04,0.650,0.950,Success
Baseline_days,6,170.0,21.1668,130.2364,2.48,45.00,46.36,0.650,0.115,Success
Baseline_days,6,170.0,21.1668,119.6934,1.36,45.00,100.59,0.650,0.950,Success
Baseline_days,6,170.0,21.1668,9.1835,2.33,45.00,1557.31,0.650,0.950,Success
Baseline_days,6,170.0,21.1668,21.4602,2.23,45.00,265.41,0.650,0.950,Success
Baseline_days,6,170.0,21.1668,161.9454,2.31,45.00,46.38,0.650,0.171,Success
Baseline_days,6,170.0,21.1668,75.0720,1.98,45.00,32.21,0.650,0.950,Success
Baseline_days,6,170.0,21.1668,65.2356,2.45,45.00,281.95,0.650,0.698,Success
Baseline_days,6,170.0,21.1668,74.9670,2.26,45.00,1592.06,0.650,0.950,Success
Baseline_days,6,170.0,21.1668,38.5372,2.32,45.00,117.48,0.650,0.774,Success
Baseline_days,6,170.0,21.1668,45.7316,2.38,45.00,1179.85,0.650,0.923,Success
Baseline_days,6,170.0,21.1668,54.8802,1.78,45.00,95.06,0.650,0.931,Success
Baseline_days,6,170.0,21.1668,22.8491,2.42,45.00,39.06,0.650,0.539,Success
Baseline_days,6,170.0,21.1668,21.6772,2.31,45.00,193.88,0.650,0.950,Success
Baseline_days,6,170.0,21.1668,33.1678,2.45,45.00,29.87,0.650,0.499,Success
Baseline_days,6,170.0,21.1668,42.4887,2.50,45.00,573.64,0.650,0.950,Success
Baseline_days,6,170.0,21.1668,82.9713,2.15,45.00,382.84,0.650,0.788,Success
Baseline_days,6,170.0,21.1668,119.7621,1.76,45.00,164.45,0.650,0.749,Success
Baseline_days,6,170.0,21.1668,51.8537,2.26,45.00,649.98,0.650,0.950,Success
Baseline_days,6,170.0,21.1668,97.0166,1.63,45.00,140.06,0.650,0.816,Success
Baseline_days,6,170.0,21.1668,127.5684,2.29,45.00,844.08,0.650,0.950,Success
Baseline_days,6,170.0,21.1668,107.6251,2.42,45.00,46.69,0.650,0.428,Success
Baseline_days,6,170.0,21.1668,93.1500,2.50,45.00,81.17,0.650,0.267,Success
Baseline_days,6,170.0,21.1668,90.0083,1.73,45.00,160.08,0.650,0.864,Success
Baseline_days,6,170.0,21.1668,100.1228,2.41,45.00,875.94,0.650,0.784,Success
Baseline_days,6,170.0,21.1668,92.6485,1.99,45.00,45.83,0.650,0.398,Success
Baseline_days,6,170.0,21.1668,63.6978,2.32,45.00,43.06,0.650,0.210,Success
Baseline_days,6,170.0,21.1668,38.1340,2.21,45.00,688.33,0.650,0.950,Success
Baseline_days,6,170.0,21.1668,106.9728,1.87,45.00,103.44,0.650,0.802,Success
Baseline_days,6,170.0,21.1668,39.7965,2.44,45.00,220.18,0.650,0.790,Success
Baseline_days,6,170.0,21.1668,106.3835,1.98,45.00,36.55,0.650,0.950,Success
Baseline_days,6,170.0,21.1668,69.0532,2.01,45.00,40.56,0.650,0.508,Success
Baseline_days,6,170.0,21.1668,54.8036,1.08,45.00,286.95,0.650,0.906,Success
Baseline_days,6,170.0,21.1668,28.2380,2.37,45.00,39.42,0.650,0.347,Success
Baseline_days,6,165.0,21.1668,88.8403,2.47,45.00,195.54,0.650,0.767,Success
Baseline_days,6,165.0,21.1668,38.3853,1.52,45.00,32.68,0.650,0.950,Success
Baseline_days,6,165.0,21.1668,87.7657,1.90,45.00,45.63,0.650,0.501,Success
Baseline_days,6,165.0,21.1668,39.8098,2.37,45.00,234.01,0.650,0.950,Success
Baseline_days,6,165.0,21.1668,128.1594,2.02,45.00,37.26,0.650,0.377,Success
Baseline_days,6,165.0,21.1668,62.2351,2.48,45.00,427.54,0.650,0.950,Success
Baseline_days,6,165.0,21.1668,45.1306,1.95,45.00,208.24,0.650,0.950,Success
Baseline_days,6,165.0,21.1668,112.7489,2.15,45.00,749.66,0.650,0.887,Success
Baseline_days,6,165.0,21.1668,85.4090,1.53,45.00,187.21,0.650,0.853,Success
Baseline_days,6,165.0,21.1668,58.9123,2.29,45.00,283.75,0.650,0.854,Success
Baseline_days,6,165.0,21.1668,63.4992,2.50,45.00,160.14,0.650,0.759,Success
Baseline_days,6,165.0,21.1668,106.3129,2.44,45.00,1199.81,0.650,0.719,Success
Baseline_days,6,165.0,21.1668,36.0977,1.86,45.00,699.12,0.650,0.917,Success
Baseline_days,6,165.0,21.1668,81.3836,2.40,45.00,579.96,0.650,0.834,Success
Baseline_days,6,165.0,21.1668,39.4237,2.29,45.00,51.72,0.650,0.950,Success
Baseline_days,6,165.0,21.1668,38.7564,2.22,45.00,253.02,0.650,0.950,Success
Baseline_days,6,165.0,21.1668,88.9729,1.26,45.00,32.95,0.650,0.950,Success
Baseline_days,6,165.0,21.1668,44.5070,1.86,45.00,53.18,0.650,0.813,Success
Baseline_days,6,165.0,21.1668,41.0162,2.49,45.00,34.98,0.650,0.388,Success
Baseline_days,6,165.0,21.1668,78.1345,2.38,45.00,45.80,0.650,0.585,Success
Baseline_days,6,165.0,21.1668,52.1298,2.23,45.00,135.46,0.650,0.917,Success
Baseline_days,6,165.0,21.1668,105.7232,2.34,45.00,14.04,0.650,0.264,Success
Baseline_days,6,165.0,21.1668,82.7618,1.93,45.00,51.05,0.650,0.362,Success
Baseline_days,6,165.0,21.1668,68.4789,2.40,45.00,587.02,0.650,0.832,Success
Baseline_days,6,165.0,21.1668,26.1161,2.48,45.00,82.32,0.650,0.148,Success
Baseline_days,6,165.0,21.1668,73.2195,1.24,45.00,295.12,0.650,0.950,Success
Baseline_days,6,165.0,21.1668,63.8797,2.50,45.00,61.40,0.650,0.147,Success
Baseline_days,6,165.0,21.1668,42.0937,2.47,45.00,588.25,0.650,0.911,Success
Baseline_days,6,165.0,21.1668,84.1203,2.47,45.00,751.99,0.650,0.746,Success
Baseline_days,6,165.0,21.1668,56.2484,0.77,45.00,108.45,0.650,0.950,Success
Baseline_days,6,165.0,21.1668,42.2170,2.49,45.00,40.45,0.650,0.179,Success
Baseline_days,6,165.0,21.1668,44.2610,2.49,45.00,198.46,0.650,0.917,Success
Baseline_days,6,165.0,21.1668,65.1518,2.32,45.00,408.95,0.650,0.744,Success
Baseline_days,6,165.0,21.1668,57.7176,1.93,45.00,1149.48,0.650,0.950,Success
Baseline_days,6,165.0,21.1668,62.8911,1.80,45.00,1816.70,0.650,0.950,Success
Baseline_days,6,165.0,21.1668,20.5779,1.93,45.00,295.62,0.650,0.950,Success
Baseline_days,6,165.0,21.1668,41.8889,2.41,45.00,209.25,0.650,0.793,Success
Baseline_days,6,165.0,21.1668,98.5316,1.30,45.00,155.52,0.650,0.775,Success
Baseline_days,6,165.0,21.1668,21.8039,2.45,45.00,173.22,0.650,0.950,Success
Baseline_days,6,165.0,21.1668,94.8539,2.41,45.00,246.41,0.650,0.795,Success
Baseline_days,6,165.0,21.1668,46.9631,1.05,45.00,30.76,0.650,0.950,Success
Baseline_days,6,165.0,21.1668,107.2308,2.47,45.00,617.08,0.650,0.938,Success
Baseline_days,6,165.0,21.1668,85.4845,2.18,45.00,292.63,0.650,0.950,Success
Baseline_days,6,165.0,21.1668,105.2160,2.27,45.00,124.39,0.650,0.950,Success
Baseline_days,6,165.0,21.1668,38.1484,1.40,45.00,56.48,0.650,0.950,Success
Baseline_days,6,165.0,21.1668,62.2529,2.35,45.00,69.53,0.650,0.319,Success
Baseline_days,6,165.0,21.1668,25.0863,2.32,45.00,51.58,0.650,0.546,Success
Baseline_days,6,165.0,21.1668,39.4265,1.65,45.00,317.15,0.650,0.950,Success
Baseline_days,6,165.0,21.1668,56.7650,2.42,45.00,106.98,0.650,0.830,Success
Baseline_days,6,165.0,21.1668,43.3550,2.45,45.00,1431.09,0.650,0.950,Success
Baseline_days,6,165.0,21.1668,89.7540,2.46,45.00,53.85,0.650,0.364,Success
Baseline_days,6,165.0,21.1668,96.5917,1.57,45.00,60.76,0.650,0.828,Success
Baseline_days,6,165.0,21.1668,43.5882,2.35,45.00,149.81,0.650,0.845,Success
Baseline_days,6,165.0,21.1668,78.2547,1.86,45.00,24.29,0.650,0.950,Success
Baseline_days,6,165.0,21.1668,16.4193,2.39,45.00,174.33,0.650,0.747,Success
Baseline_days,6,165.0,21.1668,64.0025,2.45,45.00,318.76,0.650,0.834,Success
Baseline_days,6,165.0,21.1668,71.5444,2.27,45.00,190.66,0.650,0.950,Success
Baseline_days,6,165.0,21.1668,31.5358,2.48,45.00,22.51,0.650,0.210,Success
Baseline_days,6,165.0,21.1668,126.9141,2.20,45.00,493.61,0.650,0.948,Success
Baseline_days,6,165.0,21.1668,155.6705,1.05,45.00,143.30,0.650,0.950,Success
Baseline_days,6,165.0,21.1668,32.9640,0.89,45.00,35.83,0.650,0.950,Success
Baseline_days,6,165.0,21.1668,35.4063,2.07,45.00,255.10,0.650,0.850,Success
Baseline_days,6,165.0,21.1668,113.1001,1.83,45.00,453.79,0.650,0.865,Success
Baseline_days,6,165.0,21.1668,63.2568,2.50,45.00,270.84,0.650,0.717,Success
Baseline_days,6,165.0,21.1668,59.4838,1.59,45.00,89.89,0.650,0.844,Success
Baseline_days,6,165.0,21.1668,92.9223,2.20,45.00,50.94,0.650,0.761,Success
Baseline_days,6,165.0,21.1668,32.8877,2.42,45.00,374.91,0.650,0.950,Success
Baseline_days,6,165.0,21.1668,88.2913,2.26,45.00,790.36,0.650,0.915,Success
Baseline_days,6,165.0,21.1668,85.1341,2.27,45.00,80.34,0.650,0.747,Success
Baseline_days,6,165.0,21.1668,41.9794,2.40,45.00,167.02,0.650,0.760,Success
Baseline_days,6,160.0,21.1668,91.8896,1.54,45.00,192.59,0.650,0.950,Success
Baseline_days,6,160.0,21.1668,92.9658,2.39,45.00,284.71,0.650,0.800,Success
Baseline_days,6,160.0,21.1668,26.6623,2.01,45.00,581.41,0.650,0.863,Success
Baseline_days,6,160.0,21.1668,41.4898,2.46,45.00,474.64,0.650,0.768,Success
Baseline_days,6,160.0,21.1668,57.6398,2.45,45.00,1372.51,0.650,0.950,Success
Baseline_days,6,160.0,21.1668,36.0787,2.48,45.00,663.97,0.650,0.815,Success
Baseline_days,6,160.0,21.1668,80.7432,2.36,45.00,266.13,0.650,0.694,Success
Baseline_days,6,160.0,21.1668,30.2782,2.49,45.00,42.26,0.650,0.220,Success
Baseline_days,6,160.0,21.1668,64.4318,2.49,45.00,40.35,0.650,0.736,Success
Baseline_days,6,160.0,21.1668,77.5480,1.72,45.00,46.53,0.650,0.575,Success
Baseline_days,6,160.0,21.1668,43.6349,2.24,45.00,1203.42,0.650,0.889,Success
Baseline_days,6,160.0,21.1668,35.6314,2.21,45.00,27.14,0.650,0.537,Success
Baseline_days,6,160.0,21.1668,53.2504,2.48,45.00,229.83,0.650,0.651,Success
Baseline_days,6,160.0,21.1668,49.9554,1.20,45.00,1542.98,0.650,0.950,Success
Baseline_days,6,160.0,21.1668,21.3182,2.49,45.00,301.44,0.650,0.950,Success
Baseline_days,6,160.0,21.1668,53.2032,2.06,45.00,20.22,0.650,0.315,Success
Baseline_days,6,160.0,21.1668,143.2531,2.18,45.00,470.96,0.650,0.950,Success
Baseline_days,6,160.0,21.1668,26.4897,2.08,45.00,517.10,0.650,0.950,Success
Baseline_days,6,160.0,21.1668,22.7510,1.33,45.00,131.62,0.650,0.950,Success
Baseline_days,6,160.0,21.1668,19.6328,2.45,45.00,1883.91,0.650,0.825,Success
Baseline_days,6,160.0,21.1668,84.4604,2.49,45.00,56.75,0.650,0.098,Success
Baseline_days,6,160.0,21.1668,59.1025,2.44,45.00,42.17,0.650,0.161,Success
Baseline_days,6,160.0,21.1668,84.3035,2.31,45.00,46.39,0.650,0.273,Success
Baseline_days,6,160.0,21.1668,93.2130,1.68,45.00,317.02,0.650,0.902,Success
Baseline_days,6,160.0,21.1668,63.4471,2.47,45.00,71.88,0.650,0.516,Success
Baseline_days,6,160.0,21.1668,37.7685,2.37,45.00,22.33,0.650,0.348,Success
Baseline_days,6,160.0,21.1668,42.5491,2.48,45.00,220.43,0.650,0.773,Success
Baseline_days,6,160.0,21.1668,31.8070,2.48,45.00,22.04,0.650,0.115,Success
Baseline_days,6,160.0,21.1668,51.8941,2.23,45.00,60.45,0.650,0.732,Success
Baseline_days,6,160.0,21.1668,62.5585,1.90,45.00,66.27,0.650,0.915,Success
Baseline_days,6,160.0,21.1668,33.3823,2.27,45.00,93.38,0.650,0.483,Success
Baseline_days,6,160.0,21.1668,56.0204,2.01,45.00,196.67,0.650,0.791,Success
Baseline_days,6,160.0,21.1668,86.1339,1.72,45.00,57.19,0.650,0.950,Success
Baseline_days,6,160.0,21.1668,52.6796,2.26,45.00,48.58,0.650,0.475,Success
Baseline_days,6,160.0,21.1668,92.4012,2.46,45.00,1208.75,0.650,0.691,Success
Baseline_days,6,160.0,21.1668,58.8295,1.80,45.00,60.93,0.650,0.920,Success
Baseline_days,6,160.0,21.1668,148.5541,2.48,45.00,21.29,0.650,0.705,Success
Baseline_days,6,160.0,21.1668,42.5801,2.41,45.00,277.71,0.650,0.738,Success
Baseline_days,6,160.0,21.1668,40.1029,2.50,45.00,229.61,0.650,0.950,Success
Baseline_days,6,160.0,21.1668,36.8389,2.50,45.00,357.91,0.650,0.867,Success
Baseline_days,6,160.0,21.1668,52.8003,1.33,45.00,225.68,0.650,0.950,Success
Baseline_days,6,160.0,21.1668,62.4583,2.01,45.00,866.23,0.650,0.950,Success
Baseline_days,6,160.0,21.1668,34.6554,2.29,45.00,34.44,0.650,0.414,Success
Baseline_days,6,160.0,21.1668,13.6874,2.49,45.00,47.17,0.650,0.285,Success
Baseline_days,6,160.0,21.1668,66.4050,1.89,45.00,165.23,0.650,0.591,Success
Baseline_days,6,160.0,21.1668,21.9710,2.46,45.00,49.05,0.650,0.691,Success
Baseline_days,6,160.0,21.1668,106.7263,2.47,45.00,850.83,0.650,0.721,Success
Baseline_days,6,160.0,21.1668,35.2184,2.47,45.00,64.18,0.650,0.850,Success
Baseline_days,6,160.0,21.1668,54.5265,1.97,45.00,2015.20,0.650,0.950,Success
Baseline_days,6,160.0,21.1668,24.3633,2.47,45.00,1922.21,0.650,0.950,Success
Baseline_days,6,160.0,21.1668,42.0513,2.47,45.00,321.00,0.650,0.950,Success
Baseline_days,6,160.0,21.1668,148.1582,2.09,45.00,178.58,0.650,0.807,Success
Baseline_days,6,160.0,21.1668,54.6630,2.30,45.00,66.60,0.650,0.405,Success
Baseline_days,6,160.0,21.1668,57.3912,1.84,45.00,276.10,0.650,0.950,Success
Baseline_days,6,160.0,21.1668,68.7697,2.13,45.00,21.20,0.650,0.363,Success
Baseline_days,6,160.0,21.1668,111.3114,2.49,45.00,340.44,0.650,0.734,Success
Baseline_days,6,160.0,21.1668,63.5421,2.50,45.00,249.09,0.650,0.950,Success
Baseline_days,6,160.0,21.1668,22.8567,2.06,45.00,57.53,0.650,0.727,Success
Baseline_days,6,160.0,21.1668,21.2512,2.49,45.00,171.56,0.650,0.950,Success
Baseline_days,6,160.0,21.1668,44.8051,2.37,45.00,193.50,0.650,0.814,Success
Baseline_days,6,160.0,21.1668,74.9866,1.51,45.00,514.95,0.650,0.950,Success
Baseline_days,6,160.0,21.1668,25.5591,1.43,45.00,599.62,0.650,0.950,Success
Baseline_days,6,160.0,21.1668,24.5273,2.47,45.00,85.16,0.650,0.950,Success
Baseline_days,6,160.0,21.1668,106.8950,2.02,45.00,49.97,0.650,0.950,Success
Baseline_days,6,160.0,21.1668,46.8616,1.29,45.00,59.25,0.650,0.950,Success
Baseline_days,6,160.0,21.1668,12.5128,2.50,45.00,53.91,0.650,0.233,Success
Baseline_days,6,160.0,21.1668,105.3709,1.89,45.00,195.34,0.650,0.950,Success
Baseline_days,6,160.0,21.1668,91.4666,1.56,45.00,189.35,0.650,0.950,Success
Baseline_days,6,160.0,21.1668,69.8367,2.44,45.00,816.39,0.650,0.725,Success
Baseline_days,6,160.0,21.1668,50.1317,2.35,45.00,167.78,0.650,0.795,Success
Baseline_days,6,155.0,21.1668,42.8796,2.29,45.00,63.13,0.650,0.821,Success
Baseline_days,6,155.0,21.1668,96.1388,2.37,45.00,192.34,0.650,0.796,Success
Baseline_days,6,155.0,21.1668,49.3446,2.47,45.00,56.15,0.650,0.186,Success
Baseline_days,6,155.0,21.1668,103.4854,2.50,45.00,751.48,0.650,0.950,Success
Baseline_days,6,155.0,21.1668,79.5847,2.16,45.00,513.03,0.650,0.753,Success
Baseline_days,6,155.0,21.1668,49.2782,2.40,45.00,232.31,0.650,0.722,Success
Baseline_days,6,155.0,21.1668,11.3723,1.69,45.00,113.38,0.650,0.950,Success
Baseline_days,6,155.0,21.1668,31.7864,2.50,45.00,388.85,0.650,0.696,Success
Baseline_days,6,155.0,21.1668,19.6540,2.49,45.00,39.38,0.650,0.666,Success
Baseline_days,6,155.0,21.1668,34.8301,1.21,45.00,105.54,0.650,0.950,Success
Baseline_days,6,155.0,21.1668,36.8331,2.46,45.00,57.36,0.650,0.339,Success
Baseline_days,6,155.0,21.1668,56.5610,2.29,45.00,23.86,0.650,0.546,Success
Baseline_days,6,155.0,21.1668,96.5816,1.79,45.00,599.46,0.650,0.950,Success
Baseline_days,6,155.0,21.1668,42.1854,2.50,45.00,445.62,0.650,0.950,Success
Baseline_days,6,155.0,21.1668,21.0866,1.74,45.00,50.86,0.650,0.700,Success
Baseline_days,6,155.0,21.1668,42.1290,2.40,45.00,341.27,0.650,0.950,Success
Baseline_days,6,155.0,21.1668,96.9498,1.88,45.00,354.68,0.650,0.866,Success
Baseline_days,6,155.0,21.1668,40.6160,2.12,45.00,75.05,0.650,0.803,Success
Baseline_days,6,155.0,21.1668,64.0616,2.50,45.00,40.84,0.650,0.674,Success
Baseline_days,6,155.0,21.1668,93.2984,2.40,45.00,590.15,0.650,0.739,Success
Baseline_days,6,155.0,21.1668,39.7423,1.93,45.00,173.73,0.650,0.950,Success
Baseline_days,6,155.0,21.1668,76.2228,2.48,45.00,58.68,0.650,0.161,Success
Baseline_days,6,155.0,21.1668,25.4494,2.37,45.00,97.40,0.650,0.671,Success
Baseline_days,6,155.0,21.1668,27.5247,2.44,45.00,41.95,0.650,0.512,Success
Baseline_days,6,155.0,21.1668,21.2054,2.49,45.00,21.66,0.650,0.187,Success
Baseline_days,6,155.0,21.1668,20.3542,2.43,45.00,17.26,0.650,0.184,Success
Baseline_days,6,155.0,21.1668,22.7897,1.86,45.00,314.81,0.650,0.950,Success
Baseline_days,6,155.0,21.1668,52.4632,2.15,45.00,665.63,0.650,0.697,Success
Baseline_days,6,155.0,21.1668,39.5875,2.22,45.00,251.05,0.650,0.788,Success
Baseline_days,6,155.0,21.1668,149.0811,2.41,45.00,17.20,0.650,0.240,Success
Baseline_days,6,155.0,21.1668,64.0802,2.32,45.00,681.70,0.650,0.875,Success
Baseline_days,6,155.0,21.1668,56.0423,2.00,45.00,142.01,0.650,0.767,Success
Baseline_days,6,155.0,21.1668,20.6270,1.25,45.00,53.98,0.650,0.735,Success
Baseline_days,6,155.0,21.1668,44.4742,1.88,45.00,754.55,0.650,0.950,Success
Baseline_days,6,155.0,21.1668,25.4567,1.62,45.00,128.83,0.650,0.950,Success
Baseline_days,6,155.0,21.1668,51.0477,2.26,45.00,210.07,0.650,0.808,Success
Baseline_days,6,155.0,21.1668,69.3193,0.78,45.00,57.80,0.650,0.950,Success
Baseline_days,6,155.0,21.1668,116.1784,1.68,45.00,214.94,0.650,0.950,Success
Baseline_days,6,155.0,21.1668,50.6081,2.37,45.00,199.11,0.650,0.720,Success
Baseline_days,6,155.0,21.1668,63.2081,2.46,45.00,416.12,0.650,0.747,Success
Baseline_days,6,155.0,21.1668,32.0431,2.49,45.00,22.68,0.650,0.176,Success
Baseline_days,6,155.0,21.1668,42.9803,2.22,45.00,37.26,0.650,0.372,Success
Baseline_days,6,155.0,21.1668,79.4010,2.37,45.00,25.99,0.650,0.186,Success
Baseline_days,6,155.0,21.1668,42.8032,2.00,45.00,42.65,0.650,0.950,Success
Baseline_days,6,155.0,21.1668,86.9362,2.31,45.00,20.83,0.650,0.602,Success
Baseline_days,6,155.0,21.1668,112.0020,0.43,45.00,25.52,0.650,0.950,Success
Baseline_days,6,155.0,21.1668,97.9720,2.38,45.00,25.82,0.650,0.255,Success
Baseline_days,6,155.0,21.1668,60.6126,2.01,45.00,180.74,0.650,0.908,Success
Baseline_days,6,155.0,21.1668,77.6080,2.49,45.00,45.01,0.650,0.315,Success
Baseline_days,6,155.0,21.1668,42.0812,1.25,45.00,85.27,0.650,0.899,Success
Baseline_days,6,155.0,21.1668,86.4538,2.50,45.00,489.75,0.650,0.832,Success
Baseline_days,6,155.0,21.1668,44.0748,2.50,45.00,44.01,0.650,0.258,Success
Baseline_days,6,155.0,21.1668,105.2999,2.50,45.00,44.59,0.650,0.424,Success
Baseline_days,6,155.0,21.1668,33.2368,2.31,45.00,349.29,0.650,0.800,Success
Baseline_days,6,155.0,21.1668,63.5641,2.50,45.00,39.37,0.650,0.065,Success
Baseline_days,6,155.0,21.1668,66.2015,2.00,45.00,220.64,0.650,0.950,Success
Baseline_days,6,155.0,21.1668,73.8205,2.49,45.00,312.45,0.650,0.797,Success
Baseline_days,6,155.0,21.1668,57.4911,2.45,45.00,224.98,0.650,0.945,Success
Baseline_days,6,155.0,21.1668,14.2004,2.50,45.00,145.43,0.650,0.803,Success
Baseline_days,6,155.0,21.1668,63.6555,2.20,45.00,116.48,0.650,0.806,Success
Baseline_days,6,155.0,21.1668,85.5039,2.41,45.00,358.44,0.650,0.743,Success
Baseline_days,6,155.0,21.1668,50.2419,1.76,45.00,50.99,0.650,0.950,Success
Baseline_days,6,155.0,21.1668,57.3469,2.37,45.00,69.63,0.650,0.615,Success
Baseline_days,6,155.0,21.1668,34.9880,2.13,45.00,194.35,0.650,0.789,Success
Baseline_days,6,155.0,21.1668,31.8969,2.50,45.00,335.90,0.650,0.831,Success
Baseline_days,6,155.0,21.1668,69.9248,2.26,45.00,770.07,0.650,0.840,Success
Baseline_days,6,155.0,21.1668,119.2985,1.15,45.00,327.97,0.650,0.817,Success
Baseline_days,6,155.0,21.1668,68.9185,2.26,45.00,20.68,0.650,0.950,Success
Baseline_days,6,155.0,21.1668,11.0338,2.25,45.00,181.22,0.650,0.810,Success
Baseline_days,6,155.0,21.1668,133.3585,1.75,45.00,1467.18,0.650,0.950,Success
Baseline_days,6,150.0,21.1668,62.9545,2.45,45.00,1610.22,0.650,0.950,Success
Baseline_days,6,150.0,21.1668,62.4204,2.45,45.00,211.03,0.650,0.950,Success
Baseline_days,6,150.0,21.1668,45.7622,1.69,45.00,37.80,0.650,0.096,Success
Baseline_days,6,150.0,21.1668,17.6415,2.41,45.00,481.68,0.650,0.802,Success
Baseline_days,6,150.0,21.1668,90.6119,2.10,45.00,844.76,0.650,0.950,Success
Baseline_days,6,150.0,21.1668,67.1294,2.44,45.00,205.58,0.650,0.950,Success
Baseline_days,6,150.0,21.1668,42.9297,2.49,45.00,64.56,0.650,0.393,Success
Baseline_days,6,150.0,21.1668,22.2049,1.98,45.00,55.51,0.650,0.730,Success
Baseline_days,6,150.0,21.1668,35.4228,2.23,45.00,45.10,0.650,0.735,Success
Baseline_days,6,150.0,21.1668,63.7021,2.50,45.00,41.69,0.650,0.094,Success
Baseline_days,6,150.0,21.1668,94.7903,1.40,45.00,75.80,0.650,0.946,Success
Baseline_days,6,150.0,21.1668,85.7998,2.24,45.00,158.32,0.650,0.519,Success
Baseline_days,6,150.0,21.1668,21.0694,2.46,45.00,174.27,0.650,0.950,Success
Baseline_days,6,150.0,21.1668,69.5268,2.49,45.00,92.69,0.650,0.647,Success
Baseline_days,6,150.0,21.1668,44.0039,2.06,45.00,25.71,0.650,0.611,Success
Baseline_days,6,150.0,21.1668,27.4256,2.30,45.00,36.17,0.650,0.379,Success
Baseline_days,6,150.0,21.1668,130.7635,1.34,45.00,217.61,0.650,0.782,Success
Baseline_days,6,150.0,21.1668,106.9202,2.16,45.00,385.89,0.650,0.950,Success
Baseline_days,6,150.0,21.1668,60.8783,2.31,45.00,216.57,0.650,0.868,Success
Baseline_days,6,150.0,21.1668,50.3721,1.80,45.00,202.05,0.650,0.950,Success
Baseline_days,6,150.0,21.1668,22.2838,2.22,45.00,28.37,0.650,0.426,Success
Baseline_days,6,150.0,21.1668,93.5087,1.77,45.00,210.61,0.650,0.730,Success
Baseline_days,6,150.0,21.1668,53.7137,2.01,45.00,154.81,0.650,0.801,Success
Baseline_days,6,150.0,21.1668,18.8061,2.46,45.00,30.30,0.650,0.265,Success
Baseline_days,6,150.0,21.1668,35.0776,1.87,45.00,46.27,0.650,0.796,Success
Baseline_days,6,150.0,21.1668,41.7090,2.37,45.00,229.48,0.650,0.921,Success
Baseline_days,6,150.0,21.1668,29.4923,2.33,45.00,246.40,0.650,0.891,Success
Baseline_days,6,150.0,21.1668,71.6820,2.49,45.00,394.52,0.650,0.946,Success
Baseline_days,6,150.0,21.1668,65.3294,2.22,45.00,387.30,0.650,0.704,Success
Baseline_days,6,150.0,21.1668,82.2833,2.48,45.00,41.90,0.650,0.205,Success
Baseline_days,6,150.0,21.1668,64.1634,1.16,45.00,31.74,0.650,0.950,Success
Baseline_days,6,150.0,21.1668,20.5022,2.46,45.00,42.17,0.650,0.578,Success
Baseline_days,6,150.0,21.1668,92.3154,1.88,45.00,257.74,0.650,0.950,Success
Baseline_days,6,150.0,21.1668,90.3630,2.22,45.00,168.78,0.650,0.806,Success
Baseline_days,6,150.0,21.1668,42.5665,2.50,45.00,45.00,0.650,0.145,Success
Baseline_days,6,150.0,21.1668,42.3259,2.47,45.00,262.55,0.650,0.950,Success
Baseline_days,6,150.0,21.1668,30.7872,2.50,45.00,184.49,0.650,0.950,Success
Baseline_days,6,150.0,21.1668,58.4273,1.17,45.00,30.00,0.650,0.647,Success
Baseline_days,6,150.0,21.1668,42.4127,1.73,45.00,721.63,0.650,0.950,Success
Baseline_days,6,150.0,21.1668,85.4632,2.43,45.00,220.06,0.650,0.950,Success
Baseline_days,6,150.0,21.1668,30.1189,2.36,45.00,43.49,0.650,0.381,Success
Baseline_days,6,150.0,21.1668,120.7802,1.13,45.00,302.83,0.650,0.745,Success
Baseline_days,6,150.0,21.1668,21.5445,2.29,45.00,221.70,0.650,0.950,Success
Baseline_days,6,150.0,21.1668,29.5112,2.29,45.00,990.64,0.650,0.950,Success
Baseline_days,6,150.0,21.1668,54.3368,2.19,45.00,240.39,0.650,0.753,Success
Baseline_days,6,150.0,21.1668,100.4258,1.93,45.00,729.51,0.650,0.743,Success
Baseline_days,6,150.0,21.1668,61.0182,2.28,45.00,139.60,0.650,0.950,Success
Baseline_days,6,150.0,21.1668,32.0254,2.47,45.00,1601.87,0.650,0.950,Success
Baseline_days,6,150.0,21.1668,113.1208,2.47,45.00,225.66,0.650,0.950,Success
Baseline_days,6,150.0,21.1668,127.5353,2.19,45.00,471.49,0.650,0.950,Success
Baseline_days,6,150.0,21.1668,100.2257,2.07,45.00,22.96,0.650,0.462,Success
Baseline_days,6,150.0,21.1668,35.2595,1.88,45.00,792.62,0.650,0.865,Success
Baseline_days,6,150.0,21.1668,43.0088,2.49,45.00,305.54,0.650,0.950,Success
Baseline_days,6,150.0,21.1668,44.2506,2.44,45.00,598.79,0.650,0.819,Success
Baseline_days,6,150.0,21.1668,45.6214,2.22,45.00,203.42,0.650,0.950,Success
Baseline_days,6,150.0,21.1668,127.1310,2.49,45.00,880.26,0.650,0.724,Success
Baseline_days,6,150.0,21.1668,32.5253,2.11,45.00,424.91,0.650,0.950,Success
Baseline_days,6,150.0,21.1668,64.4459,1.74,45.00,39.59,0.650,0.544,Success
Baseline_days,6,150.0,21.1668,64.3442,1.96,45.00,178.39,0.650,0.950,Success
Baseline_days,6,150.0,21.1668,20.7921,2.49,45.00,79.72,0.650,0.739,Success
Baseline_days,6,150.0,21.1668,94.0648,2.22,45.00,598.74,0.650,0.857,Success
Baseline_days,6,150.0,21.1668,76.5521,2.20,45.00,148.68,0.650,0.845,Success
Baseline_days,6,150.0,21.1668,117.1057,1.81,45.00,81.85,0.650,0.950,Success
Baseline_days,6,150.0,21.1668,38.4120,2.15,45.00,197.77,0.650,0.756,Success
Baseline_days,6,150.0,21.1668,31.0915,1.12,45.00,107.92,0.650,0.950,Success
Baseline_days,6,150.0,21.1668,137.0395,1.16,45.00,515.22,0.650,0.916,Success
Baseline_days,6,150.0,21.1668,34.9810,2.49,45.00,46.36,0.650,0.620,Success
Baseline_days,6,150.0,21.1668,34.2313,2.09,45.00,112.38,0.650,0.803,Success
Baseline_days,6,150.0,21.1668,23.3561,2.27,45.00,44.15,0.650,0.588,Success
Baseline_days,6,150.0,21.1668,127.3261,2.19,45.00,44.17,0.650,0.464,Success
Baseline_days,6,145.0,21.1668,22.4287,2.49,45.00,282.47,0.650,0.950,Success
Baseline_days,6,145.0,21.1668,66.3742,2.41,45.00,2786.01,0.650,0.950,Success
Baseline_days,6,145.0,21.1668,91.4106,2.30,45.00,74.45,0.650,0.279,Success
Baseline_days,6,145.0,21.1668,20.3741,2.14,45.00,70.71,0.650,0.739,Success
Baseline_days,6,145.0,21.1668,21.3500,1.37,45.00,44.58,0.650,0.663,Success
Baseline_days,6,145.0,21.1668,83.8064,2.30,45.00,1134.92,0.650,0.781,Success
Baseline_days,6,145.0,21.1668,28.8064,2.30,45.00,69.03,0.650,0.767,Success
Baseline_days,6,145.0,21.1668,72.9673,2.24,45.00,26.15,0.650,0.545,Success
Baseline_days,6,145.0,21.1668,20.4690,2.45,45.00,47.89,0.650,0.681,Success
Baseline_days,6,145.0,21.1668,109.8853,2.50,45.00,795.05,0.650,0.702,Success
Baseline_days,6,145.0,21.1668,43.7584,1.79,45.00,109.26,0.650,0.784,Success
Baseline_days,6,145.0,21.1668,44.3623,1.89,45.00,77.29,0.650,0.786,Success
Baseline_days,6,145.0,21.1668,51.6498,2.08,45.00,1114.99,0.650,0.950,Success
Baseline_days,6,145.0,21.1668,35.0018,2.49,45.00,29.22,0.650,0.359,Success
Baseline_days,6,145.0,21.1668,113.0185,2.31,45.00,88.73,0.650,0.322,Success
Baseline_days,6,145.0,21.1668,55.2415,1.84,45.00,64.19,0.650,0.704,Success
Baseline_days,6,145.0,21.1668,87.0222,1.62,45.00,403.07,0.650,0.709,Success
Baseline_days,6,145.0,21.1668,63.5790,2.33,45.00,111.98,0.650,0.485,Success
Baseline_days,6,145.0,21.1668,68.1020,1.82,45.00,45.61,0.650,0.944,Success
Baseline_days,6,145.0,21.1668,39.6635,2.44,45.00,182.35,0.650,0.948,Success
Baseline_days,6,145.0,21.1668,21.8945,2.37,45.00,151.62,0.650,0.950,Success
Baseline_days,6,145.0,21.1668,43.2664,2.47,45.00,478.14,0.650,0.810,Success
Baseline_days,6,145.0,21.1668,21.3266,2.41,45.00,78.78,0.650,0.861,Success
Baseline_days,6,145.0,21.1668,86.4370,1.53,45.00,694.48,0.650,0.950,Success
Baseline_days,6,145.0,21.1668,56.3448,1.07,45.00,93.88,0.650,0.938,Success
Baseline_days,6,145.0,21.1668,42.1062,2.47,45.00,10.78,0.650,0.562,Success
Baseline_days,6,145.0,21.1668,65.5795,2.45,45.00,1130.19,0.650,0.888,Success
Baseline_days,6,145.0,21.1668,65.2279,2.46,45.00,523.34,0.650,0.834,Success
Baseline_days,6,145.0,21.1668,39.5819,1.29,45.00,79.84,0.650,0.943,Success
Baseline_days,6,145.0,21.1668,33.0326,2.42,45.00,54.88,0.650,0.428,Success
Baseline_days,6,145.0,21.1668,37.4650,1.73,45.00,102.75,0.650,0.932,Success
Baseline_days,6,145.0,21.1668,104.8414,2.36,45.00,42.98,0.650,0.325,Success
Baseline_days,6,145.0,21.1668,63.7874,2.50,45.00,125.18,0.650,0.208,Success
Baseline_days,6,145.0,21.1668,20.1983,2.34,45.00,90.99,0.650,0.819,Success
Baseline_days,6,145.0,21.1668,52.9246,2.50,45.00,27.37,0.650,0.127,Success
Baseline_days,6,145.0,21.1668,52.7483,1.01,45.00,195.43,0.650,0.950,Success
Baseline_days,6,145.0,21.1668,31.9894,2.48,45.00,187.27,0.650,0.745,Success
Baseline_days,6,145.0,21.1668,58.8806,2.25,45.00,49.98,0.650,0.421,Success
Baseline_days,6,145.0,21.1668,34.9013,2.22,45.00,501.20,0.650,0.837,Success
Baseline_days,6,145.0,21.1668,59.0621,2.50,45.00,2677.69,0.650,0.950,Success
Baseline_days,6,145.0,21.1668,87.0306,1.60,45.00,99.99,0.650,0.950,Success
Baseline_days,6,145.0,21.1668,41.6402,2.42,45.00,44.65,0.650,0.818,Success
Baseline_days,6,145.0,21.1668,32.2987,1.11,45.00,53.21,0.650,0.884,Success
Baseline_days,6,145.0,21.1668,51.2341,1.36,45.00,603.64,0.650,0.950,Success
Baseline_days,6,145.0,21.1668,29.2445,2.29,45.00,189.70,0.650,0.732,Success
Baseline_days,6,145.0,21.1668,67.4081,2.02,45.00,803.43,0.650,0.890,Success
Baseline_days,6,145.0,21.1668,87.0227,2.44,45.00,1137.31,0.650,0.950,Success
Baseline_days,6,145.0,21.1668,106.6827,2.48,45.00,61.22,0.650,0.157,Success
Baseline_days,6,145.0,21.1668,89.6175,2.35,45.00,1617.96,0.650,0.764,Success
Baseline_days,6,145.0,21.1668,34.9484,1.37,45.00,84.59,0.650,0.886,Success
Baseline_days,6,145.0,21.1668,63.7056,2.23,45.00,179.04,0.650,0.815,Success
Baseline_days,6,145.0,21.1668,61.2512,2.48,45.00,153.34,0.650,0.833,Success
Baseline_days,6,145.0,21.1668,43.9944,2.48,45.00,370.84,0.650,0.950,Success
Baseline_days,6,145.0,21.1668,40.0975,2.45,45.00,89.52,0.650,0.608,Success
Baseline_days,6,145.0,21.1668,41.6064,2.48,45.00,58.82,0.650,0.226,Success
Baseline_days,6,145.0,21.1668,97.6331,2.17,45.00,71.17,0.650,0.950,Success
Baseline_days,6,145.0,21.1668,13.5795,2.20,45.00,1442.50,0.650,0.899,Success
Baseline_days,6,145.0,21.1668,78.0543,1.07,45.00,89.23,0.650,0.885,Success
Baseline_days,6,145.0,21.1668,12.3584,2.40,45.00,359.95,0.650,0.602,Success
Baseline_days,6,145.0,21.1668,82.8518,2.45,45.00,407.72,0.650,0.876,Success
Baseline_days,6,145.0,21.1668,105.0003,2.43,45.00,15.26,0.650,0.797,Success
Baseline_days,6,145.0,21.1668,122.3985,2.15,45.00,38.66,0.650,0.442,Success
Baseline_days,6,145.0,21.1668,46.1616,1.84,45.00,90.58,0.650,0.853,Success
Baseline_days,6,145.0,21.1668,64.2191,1.93,45.00,68.30,0.650,0.759,Success
Baseline_days,6,145.0,21.1668,90.1731,2.09,45.00,153.50,0.650,0.762,Success
Baseline_days,6,145.0,21.1668,46.3359,2.40,45.00,354.28,0.650,0.693,Success
Baseline_days,6,145.0,21.1668,38.9310,1.58,45.00,420.12,0.650,0.950,Success
Baseline_days,6,145.0,21.1668,41.5545,2.48,45.00,172.84,0.650,0.950,Success
Baseline_days,6,145.0,21.1668,52.2054,1.14,45.00,31.37,0.650,0.916,Success
Baseline_days,6,145.0,21.1668,38.0615,2.16,45.00,372.14,0.650,0.803,Success
Baseline_days,6,140.0,21.1668,100.8009,2.44,45.00,51.64,0.650,0.742,Success
Baseline_days,6,140.0,21.1668,53.8958,2.46,45.00,22.12,0.650,0.166,Success
Baseline_days,6,140.0,21.1668,98.5789,1.91,45.00,236.09,0.650,0.854,Success
Baseline_days,6,140.0,21.1668,42.2985,1.99,45.00,29.52,0.650,0.571,Success
Baseline_days,6,140.0,21.1668,26.3302,0.94,45.00,72.04,0.650,0.950,Success
Baseline_days,6,140.0,21.1668,24.2033,2.29,45.00,79.41,0.650,0.447,Success
Baseline_days,6,140.0,21.1668,87.6003,2.28,45.00,57.94,0.650,0.474,Success
Baseline_days,6,140.0,21.1668,50.2960,1.68,45.00,139.86,0.650,0.820,Success
Baseline_days,6,140.0,21.1668,33.7739,1.86,45.00,164.37,0.650,0.859,Success
Baseline_days,6,140.0,21.1668,35.8817,1.34,45.00,45.22,0.650,0.411,Success
Baseline_days,6,140.0,21.1668,20.6183,2.21,45.00,33.53,0.650,0.493,Success
Baseline_days,6,140.0,21.1668,62.6054,2.49,45.00,50.63,0.650,0.198,Success
Baseline_days,6,140.0,21.1668,67.0992,2.40,45.00,131.62,0.650,0.806,Success
Baseline_days,6,140.0,21.1668,33.4262,1.05,45.00,771.44,0.650,0.950,Success
Baseline_days,6,140.0,21.1668,42.2074,2.37,45.00,211.48,0.650,0.851,Success
Baseline_days,6,140.0,21.1668,51.9489,2.46,45.00,26.33,0.650,0.106,Success
Baseline_days,6,140.0,21.1668,46.6337,2.06,45.00,204.13,0.650,0.818,Success
Baseline_days,6,140.0,21.1668,62.2996,2.38,45.00,71.42,0.650,0.415,Success
Baseline_days,6,140.0,21.1668,41.9703,2.43,45.00,1301.03,0.650,0.950,Success
Baseline_days,6,140.0,21.1668,43.9935,2.49,45.00,993.53,0.650,0.745,Success
Baseline_days,6,140.0,21.1668,45.0297,2.37,45.00,162.26,0.650,0.815,Success
Baseline_days,6,140.0,21.1668,40.9554,1.93,45.00,51.10,0.650,0.942,Success
Baseline_days,6,140.0,21.1668,125.6100,1.82,45.00,667.49,0.650,0.890,Success
Baseline_days,6,140.0,21.1668,21.8682,1.97,45.00,45.58,0.650,0.657,Success
Baseline_days,6,140.0,21.1668,85.8934,2.38,45.00,37.67,0.650,0.202,Success
Baseline_days,6,140.0,21.1668,42.3669,2.43,45.00,45.78,0.650,0.786,Success
Baseline_days,6,140.0,21.1668,21.1354,2.26,45.00,187.62,0.650,0.950,Success
Baseline_days,6,140.0,21.1668,71.9160,2.45,45.00,205.93,0.650,0.737,Success
Baseline_days,6,140.0,21.1668,21.2373,2.50,45.00,63.63,0.650,0.339,Success
Baseline_days,6,140.0,21.1668,69.6648,1.15,45.00,77.54,0.650,0.744,Success
Baseline_days,6,140.0,21.1668,43.4899,2.20,45.00,102.55,0.650,0.820,Success
Baseline_days,6,140.0,21.1668,42.2887,2.42,45.00,435.99,0.650,0.825,Success
Baseline_days,6,140.0,21.1668,57.1573,2.38,45.00,87.46,0.650,0.950,Success
Baseline_days,6,140.0,21.1668,19.7738,2.36,45.00,214.21,0.650,0.950,Success
Baseline_days,6,140.0,21.1668,85.2227,1.73,45.00,251.71,0.650,0.950,Success
Baseline_days,6,140.0,21.1668,66.3676,1.62,45.00,31.55,0.650,0.950,Success
Baseline_days,6,140.0,21.1668,27.9436,2.39,45.00,65.40,0.650,0.265,Success
Baseline_days,6,140.0,21.1668,23.2398,2.24,45.00,184.09,0.650,0.950,Success
Baseline_days,6,140.0,21.1668,46.7562,2.44,45.00,46.42,0.650,0.472,Success
Baseline_days,6,140.0,21.1668,64.3312,2.20,45.00,405.61,0.650,0.776,Success
Baseline_days,6,140.0,21.1668,42.9046,2.43,45.00,159.31,0.650,0.950,Success
Baseline_days,6,140.0,21.1668,36.0956,0.74,45.00,45.41,0.650,0.841,Success
Baseline_days,6,140.0,21.1668,62.4513,2.40,45.00,109.54,0.650,0.896,Success
Baseline_days,6,140.0,21.1668,50.2066,1.17,45.00,54.16,0.650,0.950,Success
Baseline_days,6,140.0,21.1668,26.1934,2.28,45.00,71.94,0.650,0.806,Success
Baseline_days,6,140.0,21.1668,42.3436,2.01,45.00,64.03,0.650,0.950,Success
Baseline_days,6,140.0,21.1668,45.4673,1.48,45.00,186.94,0.650,0.875,Success
Baseline_days,6,140.0,21.1668,32.3884,2.37,45.00,124.45,0.650,0.787,Success
Baseline_days,6,140.0,21.1668,53.2053,2.50,45.00,96.74,0.650,0.442,Success
Baseline_days,6,140.0,21.1668,54.5540,1.81,45.00,30.89,0.650,0.950,Success
Baseline_days,6,140.0,21.1668,63.7629,2.07,45.00,686.93,0.650,0.950,Success
Baseline_days,6,140.0,21.1668,35.3394,2.44,45.00,44.14,0.650,0.513,Success
Baseline_days,6,140.0,21.1668,61.9582,1.99,45.00,164.97,0.650,0.793,Success
Baseline_days,6,140.0,21.1668,108.0211,1.94,45.00,24.37,0.650,0.625,Success
Baseline_days,6,140.0,21.1668,76.1124,1.99,45.00,83.30,0.650,0.834,Success
Baseline_days,6,140.0,21.1668,21.6221,2.36,45.00,37.89,0.650,0.617,Success
Baseline_days,6,140.0,21.1668,32.5314,2.48,45.00,25.10,0.650,0.087,Success
Baseline_days,6,140.0,21.1668,43.3901,2.38,45.00,186.76,0.650,0.835,Success
Baseline_days,6,140.0,21.1668,43.0310,2.38,45.00,40.40,0.650,0.294,Success
Baseline_days,6,140.0,21.1668,60.2849,2.45,45.00,170.07,0.650,0.726,Success
Baseline_days,6,140.0,21.1668,64.4563,2.50,45.00,70.38,0.650,0.180,Success
Baseline_days,6,140.0,21.1668,42.3079,2.46,45.00,140.45,0.650,0.859,Success
Baseline_days,6,140.0,21.1668,67.0566,2.21,45.00,439.35,0.650,0.841,Success
Baseline_days,6,140.0,21.1668,88.5249,2.25,45.00,44.58,0.650,0.289,Success
Baseline_days,6,140.0,21.1668,21.2573,2.49,45.00,30.00,0.650,0.323,Success
Baseline_days,6,140.0,21.1668,56.4560,1.07,45.00,52.69,0.650,0.671,Success
Baseline_days,6,140.0,21.1668,43.1979,0.99,45.00,23.79,0.650,0.950,Success
Baseline_days,6,140.0,21.1668,42.2639,2.49,45.00,633.66,0.650,0.811,Success
Baseline_days,6,140.0,21.1668,64.1585,2.41,45.00,302.59,0.650,0.760,Success
Baseline_days,6,140.0,21.1668,84.1391,1.96,45.00,40.18,0.650,0.360,Success
Baseline_days,6,135.0,21.1668,8.3196,2.48,45.00,16.81,0.650,0.686,Success
Baseline_days,6,135.0,21.1668,41.7342,2.13,45.00,25.04,0.650,0.950,Success
Baseline_days,6,135.0,21.1668,60.0301,2.13,45.00,221.40,0.650,0.805,Success
Baseline_days,6,135.0,21.1668,41.0169,0.33,45.00,39.22,0.650,0.950,Success
Baseline_days,6,135.0,21.1668,21.5496,1.89,45.00,38.40,0.650,0.560,Success
Baseline_days,6,135.0,21.1668,13.7406,2.47,45.00,47.63,0.650,0.452,Success
Baseline_days,6,135.0,21.1668,20.7146,2.49,45.00,24.42,0.650,0.385,Success
Baseline_days,6,135.0,21.1668,21.0593,2.48,45.00,413.07,0.650,0.950,Success
Baseline_days,6,135.0,21.1668,27.2285,2.50,45.00,36.18,0.650,0.047,Success
Baseline_days,6,135.0,21.1668,21.5125,2.41,45.00,43.76,0.650,0.661,Success
Baseline_days,6,135.0,21.1668,77.7328,2.07,45.00,26.67,0.650,0.429,Success
Baseline_days,6,135.0,21.1668,55.0649,2.50,45.00,131.13,0.650,0.837,Success
Baseline_days,6,135.0,21.1668,48.2717,2.32,45.00,51.92,0.650,0.352,Success
Baseline_days,6,135.0,21.1668,22.2252,2.38,45.00,184.94,0.650,0.903,Success
Baseline_days,6,135.0,21.1668,66.4332,1.66,45.00,428.86,0.650,0.950,Success
Baseline_days,6,135.0,21.1668,47.0408,1.76,45.00,169.74,0.650,0.882,Success
Baseline_days,6,135.0,21.1668,25.7809,2.45,45.00,31.79,0.650,0.405,Success
Baseline_days,6,135.0,21.1668,20.7811,2.44,45.00,271.66,0.650,0.950,Success
Baseline_days,6,135.0,21.1668,41.7468,2.30,45.00,223.82,0.650,0.747,Success
Baseline_days,6,135.0,21.1668,62.4983,2.26,45.00,33.81,0.650,0.248,Success
Baseline_days,6,135.0,21.1668,42.4879,2.46,45.00,17.61,0.650,0.352,Success
Baseline_days,6,135.0,21.1668,40.1203,2.15,45.00,93.83,0.650,0.950,Success
Baseline_days,6,135.0,21.1668,38.9812,1.50,45.00,54.44,0.650,0.950,Success
Baseline_days,6,135.0,21.1668,20.2148,2.48,45.00,29.30,0.650,0.519,Success
Baseline_days,6,135.0,21.1668,92.9617,1.84,45.00,266.78,0.650,0.872,Success
Baseline_days,6,135.0,21.1668,42.2493,2.48,45.00,1304.75,0.650,0.950,Success
Baseline_days,6,135.0,21.1668,87.2121,1.93,45.00,4499.14,0.650,0.950,Success
Baseline_days,6,135.0,21.1668,23.6631,1.92,45.00,36.45,0.650,0.573,Success
Baseline_days,6,135.0,21.1668,93.7102,2.29,45.00,46.77,0.650,0.748,Success
Baseline_days,6,135.0,21.1668,75.1790,2.10,45.00,38.44,0.650,0.371,Success
Baseline_days,6,135.0,21.1668,66.5535,2.22,45.00,707.96,0.650,0.919,Success
Baseline_days,6,135.0,21.1668,40.7834,2.50,45.00,75.06,0.650,0.076,Success
Baseline_days,6,135.0,21.1668,13.4668,2.43,45.00,346.55,0.650,0.878,Success
Baseline_days,6,135.0,21.1668,41.0217,2.50,45.00,31.47,0.650,0.250,Success
Baseline_days,6,135.0,21.1668,54.2217,2.50,45.00,206.86,0.650,0.342,Success
Baseline_days,6,135.0,21.1668,32.3881,2.48,45.00,33.68,0.650,0.388,Success
Baseline_days,6,135.0,21.1668,26.2879,2.44,45.00,34.31,0.650,0.419,Success
Baseline_days,6,135.0,21.1668,44.4449,2.41,45.00,490.31,0.650,0.950,Success
Baseline_days,6,135.0,21.1668,40.6719,2.44,45.00,27.09,0.650,0.417,Success
Baseline_days,6,135.0,21.1668,43.7165,1.99,45.00,105.71,0.650,0.833,Success
Baseline_days,6,135.0,21.1668,19.8123,2.10,45.00,58.84,0.650,0.690,Success
Baseline_days,6,135.0,21.1668,45.8599,1.30,45.00,133.68,0.650,0.950,Success
Baseline_days,6,135.0,21.1668,63.8906,2.49,45.00,79.41,0.650,0.898,Success
Baseline_days,6,135.0,21.1668,52.6423,2.49,45.00,40.59,0.650,0.077,Success
Baseline_days,6,135.0,21.1668,84.6131,0.82,45.00,45.50,0.650,0.668,Success
Baseline_days,6,135.0,21.1668,43.0687,2.43,45.00,61.03,0.650,0.724,Success
Baseline_days,6,135.0,21.1668,84.1299,2.49,45.00,1071.20,0.650,0.865,Success
Baseline_days,6,135.0,21.1668,23.7445,2.41,45.00,146.34,0.650,0.950,Success
Baseline_days,6,135.0,21.1668,104.0843,2.25,45.00,159.16,0.650,0.950,Success
Baseline_days,6,135.0,21.1668,39.7544,1.30,45.00,23.68,0.650,0.774,Success
Baseline_days,6,135.0,21.1668,42.0585,2.49,45.00,317.12,0.650,0.815,Success
Baseline_days,6,135.0,21.1668,21.9924,2.40,45.00,155.03,0.650,0.893,Success
Baseline_days,6,135.0,21.1668,42.8605,2.43,45.00,777.32,0.650,0.800,Success
Baseline_days,6,135.0,21.1668,49.6722,1.09,45.00,181.88,0.650,0.840,Success
Baseline_days,6,135.0,21.1668,84.3086,2.50,45.00,546.34,0.650,0.707,Success
Baseline_days,6,135.0,21.1668,75.7091,1.08,45.00,28.98,0.650,0.950,Success
Baseline_days,6,135.0,21.1668,41.3709,2.42,45.00,427.25,0.650,0.786,Success
Baseline_days,6,135.0,21.1668,50.5698,2.06,45.00,419.62,0.650,0.719,Success
Baseline_days,6,135.0,21.1668,41.6952,2.46,45.00,42.04,0.650,0.243,Success
Baseline_days,6,135.0,21.1668,57.8856,2.46,45.00,64.29,0.650,0.370,Success
Baseline_days,6,135.0,21.1668,62.6511,2.39,45.00,927.79,0.650,0.950,Success
Baseline_days,6,135.0,21.1668,52.7749,1.97,45.00,125.57,0.650,0.950,Success
Baseline_days,6,135.0,21.1668,62.6553,2.45,45.00,1046.29,0.650,0.950,Success
Baseline_days,6,135.0,21.1668,42.8829,2.48,45.00,38.78,0.650,0.264,Success
Baseline_days,6,135.0,21.1668,41.8420,2.44,45.00,365.47,0.650,0.950,Success
Baseline_days,6,135.0,21.1668,8.0834,2.50,45.00,60.97,0.650,0.033,Success
Baseline_days,6,135.0,21.1668,21.2344,2.49,45.00,63.94,0.650,0.716,Success
Baseline_days,6,135.0,21.1668,33.4061,2.30,45.00,70.41,0.650,0.701,Success
Baseline_days,6,135.0,21.1668,42.4079,2.48,45.00,17.78,0.650,0.635,Success
Baseline_days,6,135.0,21.1668,86.6471,2.37,45.00,625.34,0.650,0.950,Success
Baseline_days,6,130.0,21.1668,62.8354,2.30,45.00,832.65,0.650,0.879,Success
Baseline_days,6,130.0,21.1668,52.7603,1.40,45.00,905.96,0.650,0.950,Success
Baseline_days,6,130.0,21.1668,43.7005,2.13,45.00,22.77,0.650,0.950,Success
Baseline_days,6,130.0,21.1668,96.3881,0.82,45.00,32.95,0.650,0.950,Success
Baseline_days,6,130.0,21.1668,40.4341,2.48,45.00,658.82,0.650,0.809,Success
Baseline_days,6,130.0,21.1668,105.7372,1.84,45.00,242.01,0.650,0.950,Success
Baseline_days,6,130.0,21.1668,61.3009,2.46,45.00,97.09,0.650,0.798,Success
Baseline_days,6,130.0,21.1668,71.9160,2.32,45.00,217.91,0.650,0.753,Success
Baseline_days,6,130.0,21.1668,25.6345,2.30,45.00,64.99,0.650,0.845,Success
Baseline_days,6,130.0,21.1668,45.1351,2.18,45.00,198.26,0.650,0.857,Success
Baseline_days,6,130.0,21.1668,29.9199,2.19,45.00,142.27,0.650,0.861,Success
Baseline_days,6,130.0,21.1668,43.4971,2.35,45.00,1307.16,0.650,0.920,Success
Baseline_days,6,130.0,21.1668,27.6508,2.29,45.00,62.65,0.650,0.726,Success
Baseline_days,6,130.0,21.1668,51.6377,1.76,45.00,877.69,0.650,0.826,Success
Baseline_days,6,130.0,21.1668,40.3852,2.33,45.00,102.89,0.650,0.830,Success
Baseline_days,6,130.0,21.1668,73.6144,1.53,45.00,547.67,0.650,0.950,Success
Baseline_days,6,130.0,21.1668,37.6096,2.40,45.00,43.20,0.650,0.272,Success
Baseline_days,6,130.0,21.1668,26.4804,2.48,45.00,39.60,0.650,0.085,Success
Baseline_days,6,130.0,21.1668,42.8808,2.37,45.00,53.39,0.650,0.435,Success
Baseline_days,6,130.0,21.1668,43.6936,2.33,45.00,1190.41,0.650,0.950,Success
Baseline_days,6,130.0,21.1668,92.7011,2.34,45.00,719.34,0.650,0.725,Success
Baseline_days,6,130.0,21.1668,66.7136,2.50,45.00,216.00,0.650,0.805,Success
Baseline_days,6,130.0,21.1668,101.0002,1.99,45.00,44.52,0.650,0.530,Success
Baseline_days,6,130.0,21.1668,41.4908,2.41,45.00,1002.56,0.650,0.950,Success
Baseline_days,6,130.0,21.1668,85.3206,2.50,45.00,319.35,0.650,0.950,Success
Baseline_days,6,130.0,21.1668,82.4258,1.96,45.00,247.56,0.650,0.828,Success
Baseline_days,6,130.0,21.1668,75.6590,1.69,45.00,234.60,0.650,0.874,Success
Baseline_days,6,130.0,21.1668,31.6434,1.85,45.00,1452.86,0.650,0.950,Success
Baseline_days,6,130.0,21.1668,63.2929,2.49,45.00,2377.56,0.650,0.950,Success
Baseline_days,6,130.0,21.1668,55.9913,2.41,45.00,77.49,0.650,0.597,Success
Baseline_days,6,130.0,21.1668,42.2556,2.43,45.00,394.36,0.650,0.759,Success
Baseline_days,6,130.0,21.1668,77.6133,1.10,45.00,80.59,0.650,0.950,Success
Baseline_days,6,130.0,21.1668,36.5213,2.38,45.00,123.90,0.650,0.480,Success
Baseline_days,6,130.0,21.1668,18.4965,2.50,45.00,199.10,0.650,0.775,Success
Baseline_days,6,130.0,21.1668,83.7655,2.48,45.00,55.92,0.650,0.239,Success
Baseline_days,6,130.0,21.1668,78.3058,1.27,45.00,126.71,0.650,0.950,Success
Baseline_days,6,130.0,21.1668,75.9058,2.00,45.00,16.69,0.650,0.493,Success
Baseline_days,6,130.0,21.1668,48.3999,1.15,45.00,43.93,0.650,0.905,Success
Baseline_days,6,130.0,21.1668,42.5030,2.50,45.00,57.57,0.650,0.348,Success
Baseline_days,6,130.0,21.1668,48.2141,1.34,45.00,42.62,0.650,0.496,Success
Baseline_days,6,130.0,21.1668,124.7151,2.10,45.00,18.61,0.650,0.421,Success
Baseline_days,6,130.0,21.1668,119.5912,1.96,45.00,31.33,0.650,0.381,Success
Baseline_days,6,130.0,21.1668,65.8838,2.47,45.00,106.06,0.650,0.446,Success
Baseline_days,6,130.0,21.1668,54.5294,1.63,45.00,337.88,0.650,0.950,Success
Baseline_days,6,130.0,21.1668,40.5410,1.29,45.00,66.01,0.650,0.950,Success
Baseline_days,6,130.0,21.1668,32.0047,2.39,45.00,648.36,0.650,0.888,Success
Baseline_days,6,130.0,21.1668,18.6998,2.30,45.00,37.49,0.650,0.480,Success
Baseline_days,6,130.0,21.1668,29.1331,2.15,45.00,23.66,0.650,0.216,Success
Baseline_days,6,130.0,21.1668,42.0454,2.48,45.00,1098.95,0.650,0.950,Success
Baseline_days,6,130.0,21.1668,41.5092,0.92,45.00,59.22,0.650,0.950,Success
Baseline_days,6,130.0,21.1668,28.6677,2.05,45.00,619.24,0.650,0.950,Success
Baseline_days,6,130.0,21.1668,26.7524,2.36,45.00,37.49,0.650,0.364,Success
Baseline_days,6,130.0,21.1668,42.0824,2.41,45.00,276.19,0.650,0.775,Success
Baseline_days,6,130.0,21.1668,20.1792,2.43,45.00,89.41,0.650,0.407,Success
Baseline_days,6,130.0,21.1668,76.3436,1.73,45.00,372.70,0.650,0.766,Success
Baseline_days,6,130.0,21.1668,44.3774,2.35,45.00,819.22,0.650,0.950,Success
Baseline_days,6,130.0,21.1668,12.7300,2.50,45.00,99.73,0.650,0.710,Success
Baseline_days,6,130.0,21.1668,56.8819,1.17,45.00,76.23,0.650,0.950,Success
Baseline_days,6,130.0,21.1668,41.6099,2.47,45.00,580.20,0.650,0.950,Success
Baseline_days,6,130.0,21.1668,22.9286,2.05,45.00,27.16,0.650,0.427,Success
Baseline_days,6,130.0,21.1668,47.6185,2.49,45.00,74.88,0.650,0.950,Success
Baseline_days,6,130.0,21.1668,73.5155,1.79,45.00,198.48,0.650,0.879,Success
Baseline_days,6,130.0,21.1668,30.9800,1.89,45.00,79.21,0.650,0.691,Success
Baseline_days,6,130.0,21.1668,21.1140,2.45,45.00,100.18,0.650,0.896,Success
Baseline_days,6,130.0,21.1668,38.8352,1.84,45.00,230.60,0.650,0.725,Success
Baseline_days,6,130.0,21.1668,102.1101,0.87,45.00,168.55,0.650,0.950,Success
Baseline_days,6,130.0,21.1668,45.8961,2.18,45.00,421.11,0.650,0.875,Success
Baseline_days,6,130.0,21.1668,28.3154,2.14,45.00,278.06,0.650,0.816,Success
Baseline_days,6,130.0,21.1668,58.6576,1.18,45.00,38.01,0.650,0.919,Success
Baseline_days,6,130.0,21.1668,22.6167,1.90,45.00,102.63,0.650,0.828,Success
Baseline_days,6,125.0,21.1668,41.6826,2.26,45.00,85.38,0.650,0.658,Success
Baseline_days,6,125.0,21.1668,42.0143,2.50,45.00,309.68,0.650,0.950,Success
Baseline_days,6,125.0,21.1668,37.0644,2.09,45.00,312.97,0.650,0.950,Success
Baseline_days,6,125.0,21.1668,21.5360,2.43,45.00,31.10,0.650,0.461,Success
Baseline_days,6,125.0,21.1668,52.2977,1.19,45.00,143.22,0.650,0.897,Success
Baseline_days,6,125.0,21.1668,25.8172,2.20,45.00,128.96,0.650,0.950,Success
Baseline_days,6,125.0,21.1668,22.3565,2.41,45.00,171.32,0.650,0.496,Success
Baseline_days,6,125.0,21.1668,21.1833,2.32,45.00,93.61,0.650,0.815,Success
Baseline_days,6,125.0,21.1668,21.1137,2.47,45.00,72.44,0.650,0.719,Success
Baseline_days,6,125.0,21.1668,38.9143,2.12,45.00,97.05,0.650,0.950,Success
Baseline_days,6,125.0,21.1668,40.5147,2.43,45.00,1364.46,0.650,0.950,Success
Baseline_days,6,125.0,21.1668,99.9024,1.75,45.00,59.60,0.650,0.759,Success
Baseline_days,6,125.0,21.1668,66.3362,2.35,45.00,275.21,0.650,0.767,Success
Baseline_days,6,125.0,21.1668,106.1660,2.47,45.00,102.09,0.650,0.697,Success
Baseline_days,6,125.0,21.1668,40.3404,2.47,45.00,29.84,0.650,0.270,Success
Baseline_days,6,125.0,21.1668,43.5832,1.58,45.00,313.52,0.650,0.950,Success
Baseline_days,6,125.0,21.1668,36.3252,2.45,45.00,1007.46,0.650,0.950,Success
Baseline_days,6,125.0,21.1668,21.1220,2.38,45.00,32.91,0.650,0.634,Success
Baseline_days,6,125.0,21.1668,21.0738,2.50,45.00,113.64,0.650,0.845,Success
Baseline_days,6,125.0,21.1668,45.8892,1.89,45.00,83.19,0.650,0.950,Success
Baseline_days,6,125.0,21.1668,45.7099,2.27,45.00,512.25,0.650,0.929,Success
Baseline_days,6,125.0,21.1668,45.7651,0.96,45.00,29.06,0.650,0.746,Success
Baseline_days,6,125.0,21.1668,42.3245,1.97,45.00,217.34,0.650,0.950,Success
Baseline_days,6,125.0,21.1668,23.5499,2.40,45.00,44.58,0.650,0.684,Success
Baseline_days,6,125.0,21.1668,58.5656,1.75,45.00,71.34,0.650,0.905,Success
Baseline_days,6,125.0,21.1668,55.5211,2.50,45.00,227.29,0.650,0.599,Success
Baseline_days,6,125.0,21.1668,38.8678,1.76,45.00,248.16,0.650,0.950,Success
Baseline_days,6,125.0,21.1668,65.6449,2.49,45.00,41.39,0.650,0.494,Success
Baseline_days,6,125.0,21.1668,41.0295,2.21,45.00,50.98,0.650,0.824,Success
Baseline_days,6,125.0,21.1668,63.0210,2.48,45.00,57.87,0.650,0.122,Success
Baseline_days,6,125.0,21.1668,37.6970,2.35,45.00,72.74,0.650,0.860,Success
Baseline_days,6,125.0,21.1668,109.2747,2.48,45.00,63.54,0.650,0.250,Success
Baseline_days,6,125.0,21.1668,61.7217,2.27,45.00,1007.84,0.650,0.898,Success
Baseline_days,6,125.0,21.1668,58.4251,1.72,45.00,287.21,0.650,0.950,Success
Baseline_days,6,125.0,21.1668,65.7828,0.37,45.00,57.68,0.650,0.950,Success
Baseline_days,6,125.0,21.1668,103.2445,1.67,45.00,27.32,0.650,0.950,Success
Baseline_days,6,125.0,21.1668,21.0665,2.49,45.00,165.30,0.650,0.950,Success
Baseline_days,6,125.0,21.1668,34.2370,1.95,45.00,201.24,0.650,0.950,Success
Baseline_days,6,125.0,21.1668,70.5521,2.48,45.00,47.12,0.650,0.082,Success
Baseline_days,6,125.0,21.1668,25.3578,2.48,45.00,44.82,0.650,0.425,Success
Baseline_days,6,125.0,21.1668,60.9028,2.49,45.00,59.70,0.650,0.262,Success
Baseline_days,6,125.0,21.1668,28.6501,2.44,45.00,86.12,0.650,0.664,Success
Baseline_days,6,125.0,21.1668,45.9084,1.87,45.00,95.26,0.650,0.888,Success
Baseline_days,6,125.0,21.1668,40.5330,2.43,45.00,41.72,0.650,0.437,Success
Baseline_days,6,125.0,21.1668,84.5717,0.70,45.00,207.80,0.650,0.950,Success
Baseline_days,6,125.0,21.1668,21.0552,2.49,45.00,39.18,0.650,0.580,Success
Baseline_days,6,125.0,21.1668,34.7922,2.40,45.00,350.72,0.650,0.869,Success
Baseline_days,6,125.0,21.1668,103.8062,2.31,45.00,75.75,0.650,0.791,Success
Baseline_days,6,125.0,21.1668,18.5895,1.72,45.00,102.88,0.650,0.865,Success
Baseline_days,6,125.0,21.1668,32.0391,2.41,45.00,450.98,0.650,0.950,Success
Baseline_days,6,125.0,21.1668,100.7684,1.75,45.00,92.57,0.650,0.950,Success
Baseline_days,6,125.0,21.1668,78.9246,1.98,45.00,2602.60,0.650,0.950,Success
Baseline_days,6,125.0,21.1668,80.9061,1.64,45.00,615.29,0.650,0.950,Success
Baseline_days,6,125.0,21.1668,35.4192,2.36,45.00,54.83,0.650,0.338,Success
Baseline_days,6,125.0,21.1668,41.9232,2.43,45.00,360.47,0.650,0.950,Success
Baseline_days,6,125.0,21.1668,34.2627,2.25,45.00,45.59,0.650,0.453,Success
Baseline_days,6,125.0,21.1668,62.3402,1.71,45.00,25.70,0.650,0.950,Success
Baseline_days,6,125.0,21.1668,61.7876,1.84,45.00,62.71,0.650,0.780,Success
Baseline_days,6,125.0,21.1668,81.2726,0.53,45.00,37.59,0.650,0.950,Success
Baseline_days,6,125.0,21.1668,52.9366,1.73,45.00,37.81,0.650,0.501,Success
Baseline_days,6,125.0,21.1668,43.0295,2.42,45.00,267.10,0.650,0.793,Success
Baseline_days,6,125.0,21.1668,32.2409,2.01,45.00,420.73,0.650,0.950,Success
Baseline_days,6,125.0,21.1668,20.7537,2.41,45.00,121.05,0.650,0.845,Success
Baseline_days,6,125.0,21.1668,67.9299,2.32,45.00,818.73,0.650,0.950,Success
Baseline_days,6,125.0,21.1668,30.6449,2.36,45.00,39.28,0.650,0.296,Success
Baseline_days,6,125.0,21.1668,22.0102,2.44,45.00,156.59,0.650,0.938,Success
Baseline_days,6,125.0,21.1668,68.7080,0.10,45.00,51.66,0.650,0.950,Success
Baseline_days,6,125.0,21.1668,64.1962,2.46,45.00,146.64,0.650,0.311,Success
Baseline_days,6,125.0,21.1668,57.9118,2.39,45.00,1899.24,0.650,0.950,Success
Baseline_days,6,125.0,21.1668,83.5670,2.39,45.00,605.44,0.650,0.950,Success
Baseline_days,6,120.0,21.1668,6.4448,2.42,45.00,159.92,0.650,0.947,Success
Baseline_days,6,120.0,21.1668,60.8036,2.16,45.00,28.55,0.650,0.380,Success
Baseline_days,6,120.0,21.1668,41.8948,1.67,45.00,47.66,0.650,0.950,Success
Baseline_days,6,120.0,21.1668,98.5722,1.73,45.00,45.84,0.650,0.413,Success
Baseline_days,6,120.0,21.1668,22.2401,2.44,45.00,68.94,0.650,0.817,Success
Baseline_days,6,120.0,21.1668,47.9814,2.46,45.00,383.90,0.650,0.742,Success
Baseline_days,6,120.0,21.1668,40.1757,2.15,45.00,133.15,0.650,0.764,Success
Baseline_days,6,120.0,21.1668,42.2427,2.48,45.00,352.56,0.650,0.950,Success
Baseline_days,6,120.0,21.1668,21.8409,2.46,45.00,38.57,0.650,0.606,Success
Baseline_days,6,120.0,21.1668,21.9026,2.50,45.00,422.75,0.650,0.720,Success
Baseline_days,6,120.0,21.1668,21.2177,2.45,45.00,252.38,0.650,0.950,Success
Baseline_days,6,120.0,21.1668,72.9699,1.71,45.00,916.95,0.650,0.950,Success
Baseline_days,6,120.0,21.1668,35.1622,2.36,45.00,419.94,0.650,0.736,Success
Baseline_days,6,120.0,21.1668,28.7144,0.67,45.00,58.75,0.650,0.867,Success
Baseline_days,6,120.0,21.1668,45.6744,1.43,45.00,386.99,0.650,0.950,Success
Baseline_days,6,120.0,21.1668,62.8226,2.44,45.00,113.44,0.650,0.817,Success
Baseline_days,6,120.0,21.1668,42.2052,2.50,45.00,205.99,0.650,0.790,Success
Baseline_days,6,120.0,21.1668,80.6691,1.33,45.00,95.80,0.650,0.844,Success
Baseline_days,6,120.0,21.1668,58.8344,2.31,45.00,202.13,0.650,0.789,Success
Baseline_days,6,120.0,21.1668,33.1436,2.41,45.00,49.97,0.650,0.628,Success
Baseline_days,6,120.0,21.1668,76.3230,1.52,45.00,130.31,0.650,0.848,Success
Baseline_days,6,120.0,21.1668,39.4167,2.31,45.00,377.60,0.650,0.724,Success
Baseline_days,6,120.0,21.1668,43.8393,2.25,45.00,93.97,0.650,0.478,Success
Baseline_days,6,120.0,21.1668,21.1071,2.46,45.00,56.13,0.650,0.709,Success
Baseline_days,6,120.0,21.1668,49.1568,1.81,45.00,240.66,0.650,0.887,Success
Baseline_days,6,120.0,21.1668,21.2695,2.46,45.00,45.60,0.650,0.656,Success
Baseline_days,6,120.0,21.1668,66.1149,2.49,45.00,1533.26,0.650,0.950,Success
Baseline_days,6,120.0,21.1668,19.0082,2.02,45.00,37.16,0.650,0.560,Success
Baseline_days,6,120.0,21.1668,83.3457,2.48,45.00,385.48,0.650,0.781,Success
Baseline_days,6,120.0,21.1668,60.7091,1.22,45.00,2049.98,0.650,0.949,Success
Baseline_days,6,120.0,21.1668,21.6979,2.46,45.00,148.90,0.650,0.950,Success
Baseline_days,6,120.0,21.1668,31.3929,0.20,45.00,32.02,0.650,0.950,Success
Baseline_days,6,120.0,21.1668,44.9998,2.44,45.00,119.44,0.650,0.851,Success
Baseline_days,6,120.0,21.1668,34.1247,1.41,45.00,65.99,0.650,0.938,Success
Baseline_days,6,120.0,21.1668,38.7198,2.34,45.00,555.11,0.650,0.763,Success
Baseline_days,6,120.0,21.1668,22.7468,2.36,45.00,221.27,0.650,0.918,Success
Baseline_days,6,120.0,21.1668,41.2494,2.21,45.00,87.25,0.650,0.950,Success
Baseline_days,6,120.0,21.1668,7.2346,2.49,45.00,586.05,0.650,0.707,Success
Baseline_days,6,120.0,21.1668,52.9055,2.50,45.00,413.13,0.650,0.724,Success
Baseline_days,6,120.0,21.1668,44.0756,1.68,45.00,32.90,0.650,0.950,Success
Baseline_days,6,120.0,21.1668,22.5628,2.11,45.00,122.56,0.650,0.950,Success
Baseline_days,6,120.0,21.1668,55.1441,2.42,45.00,609.47,0.650,0.950,Success
Baseline_days,6,120.0,21.1668,117.6502,1.83,45.00,153.42,0.650,0.950,Success
Baseline_days,6,120.0,21.1668,63.4956,2.31,45.00,38.02,0.650,0.233,Success
Baseline_days,6,120.0,21.1668,18.3832,1.79,45.00,288.47,0.650,0.934,Success
Baseline_days,6,120.0,21.1668,18.0076,2.48,45.00,114.02,0.650,0.881,Success
Baseline_days,6,120.0,21.1668,43.8520,2.46,45.00,45.17,0.650,0.179,Success
Baseline_days,6,120.0,21.1668,45.9719,0.50,45.00,39.28,0.650,0.950,Success
Baseline_days,6,120.0,21.1668,19.2309,2.38,45.00,572.57,0.650,0.950,Success
Baseline_days,6,120.0,21.1668,22.2061,2.49,45.00,35.65,0.650,0.230,Success
Baseline_days,6,120.0,21.1668,31.9443,2.49,45.00,167.97,0.650,0.817,Success
Baseline_days,6,120.0,21.1668,68.1268,2.48,45.00,28.90,0.650,0.352,Success
Baseline_days,6,120.0,21.1668,16.2581,2.37,45.00,668.75,0.650,0.925,Success
Baseline_days,6,120.0,21.1668,24.3154,2.11,45.00,233.75,0.650,0.922,Success
Baseline_days,6,120.0,21.1668,26.8122,1.22,45.00,31.14,0.650,0.950,Success
Baseline_days,6,120.0,21.1668,60.9436,2.47,45.00,26.98,0.650,0.583,Success
Baseline_days,6,120.0,21.1668,59.4470,1.38,45.00,13.18,0.650,0.794,Success
Baseline_days,6,120.0,21.1668,35.2281,2.20,45.00,44.91,0.650,0.537,Success
Baseline_days,6,120.0,21.1668,11.7925,1.83,45.00,715.74,0.650,0.950,Success
Baseline_days,6,120.0,21.1668,93.4749,2.26,45.00,50.20,0.650,0.466,Success
Baseline_days,6,120.0,21.1668,64.0919,1.11,45.00,354.54,0.650,0.950,Success
Baseline_days,6,120.0,21.1668,41.3939,2.49,45.00,394.91,0.650,0.950,Success
Baseline_days,6,120.0,21.1668,52.4493,1.63,45.00,554.66,0.650,0.950,Success
Baseline_days,6,120.0,21.1668,103.0776,2.43,45.00,47.54,0.650,0.252,Success
Baseline_days,6,120.0,21.1668,42.3075,2.47,45.00,33.99,0.650,0.581,Success
Baseline_days,6,120.0,21.1668,21.5995,2.32,45.00,58.72,0.650,0.708,Success
Baseline_days,6,120.0,21.1668,28.6591,2.48,45.00,71.38,0.650,0.183,Success
Baseline_days,6,120.0,21.1668,40.5094,2.46,45.00,369.45,0.650,0.725,Success
Baseline_days,6,120.0,21.1668,20.9123,2.41,45.00,23.77,0.650,0.356,Success
Baseline_days,6,120.0,21.1668,84.4115,1.69,45.00,651.15,0.650,0.934,Success
Baseline_days,6,115.0,21.1668,22.3479,2.50,45.00,38.26,0.650,0.570,Success
Baseline_days,6,115.0,21.1668,33.4597,2.44,45.00,684.34,0.650,0.950,Success
Baseline_days,6,115.0,21.1668,61.5188,2.41,45.00,40.80,0.650,0.447,Success
Baseline_days,6,115.0,21.1668,42.7485,2.25,45.00,140.45,0.650,0.931,Success
Baseline_days,6,115.0,21.1668,25.8381,2.07,45.00,162.23,0.650,0.803,Success
Baseline_days,6,115.0,21.1668,20.7750,2.21,45.00,98.37,0.650,0.854,Success
Baseline_days,6,115.0,21.1668,61.6581,2.47,45.00,27.50,0.650,0.468,Success
Baseline_days,6,115.0,21.1668,20.5207,2.28,45.00,244.27,0.650,0.789,Success
Baseline_days,6,115.0,21.1668,30.0937,1.60,45.00,50.93,0.650,0.602,Success
Baseline_days,6,115.0,21.1668,97.5649,2.16,45.00,58.10,0.650,0.385,Success
Baseline_days,6,115.0,21.1668,57.5172,2.38,45.00,32.73,0.650,0.331,Success
Baseline_days,6,115.0,21.1668,75.9706,2.25,45.00,27.67,0.650,0.245,Success
Baseline_days,6,115.0,21.1668,41.7191,2.49,45.00,29.70,0.650,0.399,Success
Baseline_days,6,115.0,21.1668,40.9667,2.47,45.00,34.06,0.650,0.280,Success
Baseline_days,6,115.0,21.1668,42.5289,2.49,45.00,405.36,0.650,0.950,Success
Baseline_days,6,115.0,21.1668,93.1496,2.42,45.00,1174.20,0.650,0.950,Success
Baseline_days,6,115.0,21.1668,44.1223,2.48,45.00,24.89,0.650,0.418,Success
Baseline_days,6,115.0,21.1668,58.4251,1.15,45.00,31.62,0.650,0.746,Success
Baseline_days,6,115.0,21.1668,37.2241,2.36,45.00,156.79,0.650,0.755,Success
Baseline_days,6,115.0,21.1668,28.1249,2.14,45.00,59.21,0.650,0.950,Success
Baseline_days,6,115.0,21.1668,23.4316,2.44,45.00,50.43,0.650,0.736,Success
Baseline_days,6,115.0,21.1668,26.4921,1.92,45.00,203.98,0.650,0.950,Success
Baseline_days,6,115.0,21.1668,28.3154,1.61,45.00,1093.64,0.650,0.950,Success
Baseline_days,6,115.0,21.1668,40.6330,1.33,45.00,72.35,0.650,0.950,Success
Baseline_days,6,115.0,21.1668,47.7599,1.90,45.00,42.57,0.650,0.950,Success
Baseline_days,6,115.0,21.1668,21.0604,2.49,45.00,169.81,0.650,0.950,Success
Baseline_days,6,115.0,21.1668,68.3929,1.57,45.00,78.23,0.650,0.378,Success
Baseline_days,6,115.0,21.1668,26.1823,0.88,45.00,123.23,0.650,0.950,Success
Baseline_days,6,115.0,21.1668,42.4550,2.28,45.00,17.40,0.650,0.879,Success
Baseline_days,6,115.0,21.1668,51.5307,2.01,45.00,118.42,0.650,0.764,Success
Baseline_days,6,115.0,21.1668,21.0372,2.44,45.00,110.09,0.650,0.726,Success
Baseline_days,6,115.0,21.1668,23.3334,2.22,45.00,79.74,0.650,0.888,Success
Baseline_days,6,115.0,21.1668,21.2973,2.49,45.00,31.88,0.650,0.439,Success
Baseline_days,6,115.0,21.1668,28.2082,2.41,45.00,109.98,0.650,0.362,Success
Baseline_days,6,115.0,21.1668,15.4772,2.45,45.00,63.70,0.650,0.254,Success
Baseline_days,6,115.0,21.1668,41.0215,2.09,45.00,101.79,0.650,0.950,Success
Baseline_days,6,115.0,21.1668,78.9136,1.52,45.00,32.92,0.650,0.950,Success
Baseline_days,6,115.0,21.1668,42.3816,2.50,45.00,41.28,0.650,0.384,Success
Baseline_days,6,115.0,21.1668,29.3004,1.87,45.00,44.08,0.650,0.745,Success
Baseline_days,6,115.0,21.1668,22.6515,2.36,45.00,443.11,0.650,0.950,Success
Baseline_days,6,115.0,21.1668,32.3710,2.01,45.00,838.09,0.650,0.950,Success
Baseline_days,6,115.0,21.1668,42.6227,2.49,45.00,304.55,0.650,0.836,Success
Baseline_days,6,115.0,21.1668,59.1857,2.11,45.00,23.12,0.650,0.301,Success
Baseline_days,6,115.0,21.1668,38.1796,2.46,45.00,93.23,0.650,0.906,Success
Baseline_days,6,115.0,21.1668,32.4553,1.94,45.00,68.17,0.650,0.950,Success
Baseline_days,6,115.0,21.1668,84.4592,2.28,45.00,64.71,0.650,0.894,Success
Baseline_days,6,115.0,21.1668,83.6656,2.45,45.00,87.11,0.650,0.868,Success
Baseline_days,6,115.0,21.1668,39.0141,1.74,45.00,621.89,0.650,0.950,Success
Baseline_days,6,115.0,21.1668,44.9179,2.01,45.00,67.72,0.650,0.950,Success
Baseline_days,6,115.0,21.1668,14.4831,2.38,45.00,344.42,0.650,0.724,Success
Baseline_days,6,115.0,21.1668,43.1454,2.47,45.00,51.23,0.650,0.950,Success
Baseline_days,6,115.0,21.1668,10.7468,2.35,45.00,286.95,0.650,0.773,Success
Baseline_days,6,115.0,21.1668,40.9893,2.47,45.00,353.61,0.650,0.851,Success
Baseline_days,6,115.0,21.1668,22.5389,2.12,45.00,173.97,0.650,0.896,Success
Baseline_days,6,115.0,21.1668,99.0294,1.96,45.00,38.87,0.650,0.316,Success
Baseline_days,6,115.0,21.1668,37.4976,2.08,45.00,603.59,0.650,0.950,Success
Baseline_days,6,115.0,21.1668,22.5747,1.74,45.00,322.58,0.650,0.950,Success
Baseline_days,6,115.0,21.1668,52.3974,1.50,45.00,88.10,0.650,0.950,Success
Baseline_days,6,115.0,21.1668,22.3072,2.38,45.00,28.67,0.650,0.430,Success
Baseline_days,6,115.0,21.1668,40.3723,2.47,45.00,1594.89,0.650,0.950,Success
Baseline_days,6,115.0,21.1668,80.6290,2.47,45.00,31.69,0.650,0.326,Success
Baseline_days,6,115.0,21.1668,42.2250,2.50,45.00,507.20,0.650,0.950,Success
Baseline_days,6,115.0,21.1668,24.7751,2.36,45.00,181.67,0.650,0.950,Success
Baseline_days,6,115.0,21.1668,49.8113,2.46,45.00,53.70,0.650,0.419,Success
Baseline_days,6,115.0,21.1668,86.9480,1.56,45.00,115.92,0.650,0.934,Success
Baseline_days,6,115.0,21.1668,21.2782,2.44,45.00,120.04,0.650,0.950,Success
Baseline_days,6,115.0,21.1668,40.2474,2.43,45.00,201.33,0.650,0.844,Success
Baseline_days,6,115.0,21.1668,44.8353,2.40,45.00,61.57,0.650,0.468,Success
Baseline_days,6,115.0,21.1668,42.4511,1.59,45.00,420.25,0.650,0.732,Success
Baseline_days,6,115.0,21.1668,40.9090,1.35,45.00,25.15,0.650,0.950,Success
Baseline_days,6,110.0,21.1668,82.5238,2.11,45.00,90.10,0.650,0.812,Success
Baseline_days,6,110.0,21.1668,63.6616,2.46,45.00,2040.25,0.650,0.894,Success
Baseline_days,6,110.0,21.1668,47.1574,1.86,45.00,199.07,0.650,0.807,Success
Baseline_days,6,110.0,21.1668,21.3032,2.40,45.00,367.03,0.650,0.950,Success
Baseline_days,6,110.0,21.1668,54.8892,2.45,45.00,143.09,0.650,0.729,Success
Baseline_days,6,110.0,21.1668,16.9672,2.13,45.00,342.95,0.650,0.950,Success
Baseline_days,6,110.0,21.1668,22.4311,2.37,45.00,129.24,0.650,0.950,Success
Baseline_days,6,110.0,21.1668,94.1281,1.58,45.00,118.11,0.650,0.811,Success
Baseline_days,6,110.0,21.1668,32.3080,2.34,45.00,1190.48,0.650,0.950,Success
Baseline_days,6,110.0,21.1668,78.5589,1.80,45.00,78.27,0.650,0.766,Success
Baseline_days,6,110.0,21.1668,11.2067,2.47,45.00,64.77,0.650,0.447,Success
Baseline_days,6,110.0,21.1668,56.5776,1.58,45.00,81.51,0.650,0.886,Success
Baseline_days,6,110.0,21.1668,63.6886,2.10,45.00,459.27,0.650,0.831,Success
Baseline_days,6,110.0,21.1668,20.6623,2.35,45.00,28.23,0.650,0.339,Success
Baseline_days,6,110.0,21.1668,20.8346,2.14,45.00,40.19,0.650,0.526,Success
Baseline_days,6,110.0,21.1668,86.1541,1.31,45.00,149.33,0.650,0.781,Success
Baseline_days,6,110.0,21.1668,43.5056,2.39,45.00,201.14,0.650,0.856,Success
Baseline_days,6,110.0,21.1668,58.2238,2.50,45.00,128.00,0.650,0.670,Success
Baseline_days,6,110.0,21.1668,95.4783,2.26,45.00,50.95,0.650,0.252,Success
Baseline_days,6,110.0,21.1668,22.2387,2.41,45.00,91.83,0.650,0.893,Success
Baseline_days,6,110.0,21.1668,45.4506,2.45,45.00,707.24,0.650,0.708,Success
Baseline_days,6,110.0,21.1668,20.8469,2.47,45.00,20.40,0.650,0.411,Success
Baseline_days,6,110.0,21.1668,63.8542,2.50,45.00,23.19,0.650,0.247,Success
Baseline_days,6,110.0,21.1668,58.8341,1.12,45.00,420.99,0.650,0.950,Success
Baseline_days,6,110.0,21.1668,21.7599,2.15,45.00,43.42,0.650,0.600,Success
Baseline_days,6,110.0,21.1668,26.3321,2.34,45.00,591.70,0.650,0.844,Success
Baseline_days,6,110.0,21.1668,24.2900,1.55,45.00,1051.85,0.650,0.950,Success
Baseline_days,6,110.0,21.1668,22.6772,1.95,45.00,113.54,0.650,0.846,Success
Baseline_days,6,110.0,21.1668,37.4917,2.45,45.00,30.51,0.650,0.286,Success
Baseline_days,6,110.0,21.1668,26.8460,1.87,45.00,175.12,0.650,0.946,Success
Baseline_days,6,110.0,21.1668,39.9076,2.35,45.00,38.30,0.650,0.494,Success
Baseline_days,6,110.0,21.1668,42.0905,2.43,45.00,77.05,0.650,0.853,Success
Baseline_days,6,110.0,21.1668,41.8166,2.39,45.00,23.47,0.650,0.875,Success
Baseline_days,6,110.0,21.1668,21.5915,2.41,45.00,246.18,0.650,0.950,Success
Baseline_days,6,110.0,21.1668,58.9018,2.40,45.00,83.85,0.650,0.161,Success
Baseline_days,6,110.0,21.1668,41.6768,2.46,45.00,47.20,0.650,0.167,Success
Baseline_days,6,110.0,21.1668,42.2666,1.93,45.00,37.30,0.650,0.950,Success
Baseline_days,6,110.0,21.1668,20.3149,1.98,45.00,782.91,0.650,0.950,Success
Baseline_days,6,110.0,21.1668,21.5058,2.48,45.00,50.46,0.650,0.687,Success
Baseline_days,6,110.0,21.1668,63.8166,2.40,45.00,335.66,0.650,0.757,Success
Baseline_days,6,110.0,21.1668,84.7420,2.19,45.00,135.47,0.650,0.756,Success
Baseline_days,6,110.0,21.1668,50.2119,2.14,45.00,1459.85,0.650,0.950,Success
Baseline_days,6,110.0,21.1668,64.5914,2.49,45.00,57.88,0.650,0.480,Success
Baseline_days,6,110.0,21.1668,60.8108,2.44,45.00,45.46,0.650,0.148,Success
Baseline_days,6,110.0,21.1668,20.2036,2.11,45.00,99.51,0.650,0.924,Success
Baseline_days,6,110.0,21.1668,20.4986,2.46,45.00,38.25,0.650,0.588,Success
Baseline_days,6,110.0,21.1668,43.4626,2.35,45.00,169.50,0.650,0.821,Success
Baseline_days,6,110.0,21.1668,21.1943,2.50,45.00,68.25,0.650,0.709,Success
Baseline_days,6,110.0,21.1668,20.6950,2.49,45.00,148.38,0.650,0.950,Success
Baseline_days,6,110.0,21.1668,52.1178,2.38,45.00,246.96,0.650,0.733,Success
Baseline_days,6,110.0,21.1668,35.2983,0.90,45.00,49.60,0.650,0.849,Success
Baseline_days,6,110.0,21.1668,93.4593,1.66,45.00,38.32,0.650,0.430,Success
Baseline_days,6,110.0,21.1668,33.6428,2.43,45.00,344.39,0.650,0.936,Success
Baseline_days,6,110.0,21.1668,98.1968,1.98,45.00,202.14,0.650,0.950,Success
Baseline_days,6,110.0,21.1668,41.8647,1.86,45.00,170.80,0.650,0.950,Success
Baseline_days,6,110.0,21.1668,15.0773,2.11,45.00,157.35,0.650,0.950,Success
Baseline_days,6,110.0,21.1668,23.9382,2.20,45.00,55.47,0.650,0.717,Success
Baseline_days,6,110.0,21.1668,31.0501,2.03,45.00,201.57,0.650,0.898,Success
Baseline_days,6,110.0,21.1668,42.0085,2.42,45.00,92.84,0.650,0.805,Success
Baseline_days,6,110.0,21.1668,84.7879,1.54,45.00,259.47,0.650,0.802,Success
Baseline_days,6,110.0,21.1668,42.3528,2.50,45.00,313.58,0.650,0.950,Success
Baseline_days,6,110.0,21.1668,21.6762,2.45,45.00,45.19,0.650,0.704,Success
Baseline_days,6,110.0,21.1668,34.0267,1.93,45.00,68.70,0.650,0.802,Success
Baseline_days,6,110.0,21.1668,16.6404,2.26,45.00,82.81,0.650,0.389,Success
Baseline_days,6,110.0,21.1668,21.6219,2.50,45.00,32.60,0.650,0.379,Success
Baseline_days,6,110.0,21.1668,42.7542,2.25,45.00,268.90,0.650,0.743,Success
Baseline_days,6,110.0,21.1668,44.2985,2.33,45.00,46.03,0.650,0.553,Success
Baseline_days,6,110.0,21.1668,34.7284,2.19,45.00,459.72,0.650,0.950,Success
Baseline_days,6,110.0,21.1668,42.1551,2.50,45.00,397.77,0.650,0.950,Success
Baseline_days,6,110.0,21.1668,23.2510,2.46,45.00,27.58,0.650,0.316,Success
Baseline_days,6,105.0,21.1668,49.1783,2.12,45.00,3532.74,0.650,0.950,Success
Baseline_days,6,105.0,21.1668,45.6145,1.58,45.00,192.59,0.650,0.920,Success
Baseline_days,6,105.0,21.1668,24.9393,2.42,45.00,116.06,0.650,0.869,Success
Baseline_days,6,105.0,21.1668,44.9499,2.49,45.00,276.29,0.650,0.775,Success
Baseline_days,6,105.0,21.1668,55.6384,1.98,45.00,45.97,0.650,0.950,Success
Baseline_days,6,105.0,21.1668,78.0829,2.31,45.00,54.23,0.650,0.149,Success
Baseline_days,6,105.0,21.1668,31.5797,2.50,45.00,131.83,0.650,0.882,Success
Baseline_days,6,105.0,21.1668,43.6565,2.37,45.00,53.28,0.650,0.917,Success
Baseline_days,6,105.0,21.1668,42.3369,2.49,45.00,356.97,0.650,0.950,Success
Baseline_days,6,105.0,21.1668,22.3915,2.24,45.00,81.75,0.650,0.820,Success
Baseline_days,6,105.0,21.1668,61.7088,1.03,45.00,57.92,0.650,0.950,Success
Baseline_days,6,105.0,21.1668,33.3200,2.27,45.00,1752.73,0.650,0.950,Success
Baseline_days,6,105.0,21.1668,44.9886,2.37,45.00,233.12,0.650,0.888,Success
Baseline_days,6,105.0,21.1668,63.0551,2.12,45.00,19.45,0.650,0.299,Success
Baseline_days,6,105.0,21.1668,76.8993,2.31,45.00,66.81,0.650,0.950,Success
Baseline_days,6,105.0,21.1668,16.3895,2.43,45.00,46.90,0.650,0.481,Success
Baseline_days,6,105.0,21.1668,21.1469,2.49,45.00,215.93,0.650,0.950,Success
Baseline_days,6,105.0,21.1668,21.3822,1.80,45.00,49.91,0.650,0.732,Success
Baseline_days,6,105.0,21.1668,44.6315,2.00,45.00,35.11,0.650,0.950,Success
Baseline_days,6,105.0,21.1668,41.7031,2.49,45.00,114.43,0.650,0.950,Success
Baseline_days,6,105.0,21.1668,20.7897,1.86,45.00,187.63,0.650,0.950,Success
Baseline_days,6,105.0,21.1668,20.8262,2.47,45.00,360.83,0.650,0.950,Success
Baseline_days,6,105.0,21.1668,61.4403,1.86,45.00,158.93,0.650,0.950,Success
Baseline_days,6,105.0,21.1668,48.9456,1.64,45.00,1772.14,0.650,0.950,Success
Baseline_days,6,105.0,21.1668,79.8150,1.34,45.00,322.32,0.650,0.950,Success
Baseline_days,6,105.0,21.1668,54.5851,1.58,45.00,264.98,0.650,0.788,Success
Baseline_days,6,105.0,21.1668,20.9118,2.44,45.00,177.16,0.650,0.950,Success
Baseline_days,6,105.0,21.1668,84.2831,2.37,45.00,56.02,0.650,0.202,Success
Baseline_days,6,105.0,21.1668,45.6500,1.96,45.00,121.39,0.650,0.950,Success
Baseline_days,6,105.0,21.1668,23.0765,2.45,45.00,144.55,0.650,0.950,Success
Baseline_days,6,105.0,21.1668,61.1051,2.17,45.00,225.89,0.650,0.755,Success
Baseline_days,6,105.0,21.1668,38.2274,2.48,45.00,45.57,0.650,0.414,Success
Baseline_days,6,105.0,21.1668,26.0115,2.24,45.00,306.52,0.650,0.888,Success
Baseline_days,6,105.0,21.1668,22.5364,1.69,45.00,54.68,0.650,0.764,Success
Baseline_days,6,105.0,21.1668,36.7518,2.32,45.00,177.91,0.650,0.818,Success
Baseline_days,6,105.0,21.1668,30.8211,2.29,45.00,633.02,0.650,0.950,Success
Baseline_days,6,105.0,21.1668,24.5184,1.69,45.00,413.86,0.650,0.950,Success
Baseline_days,6,105.0,21.1668,54.3693,0.72,45.00,87.55,0.650,0.950,Success
Baseline_days,6,105.0,21.1668,24.2998,2.49,45.00,335.50,0.650,0.950,Success
Baseline_days,6,105.0,21.1668,17.3839,2.50,45.00,249.03,0.650,0.759,Success
Baseline_days,6,105.0,21.1668,14.4556,2.49,45.00,192.46,0.650,0.950,Success
Baseline_days,6,105.0,21.1668,70.6195,2.49,45.00,188.30,0.650,0.097,Success
Baseline_days,6,105.0,21.1668,21.3947,2.49,45.00,39.19,0.650,0.430,Success
Baseline_days,6,105.0,21.1668,19.8804,2.47,45.00,172.14,0.650,0.799,Success
Baseline_days,6,105.0,21.1668,22.9896,2.34,45.00,195.92,0.650,0.950,Success
Baseline_days,6,105.0,21.1668,42.0918,2.49,45.00,463.95,0.650,0.780,Success
Baseline_days,6,105.0,21.1668,47.0355,2.20,45.00,224.65,0.650,0.871,Success
Baseline_days,6,105.0,21.1668,20.7210,2.35,45.00,81.26,0.650,0.802,Success
Baseline_days,6,105.0,21.1668,15.3604,2.27,45.00,33.88,0.650,0.380,Success
Baseline_days,6,105.0,21.1668,22.1963,2.47,45.00,18.56,0.650,0.233,Success
Baseline_days,6,105.0,21.1668,42.8989,2.40,45.00,103.59,0.650,0.769,Success
Baseline_days,6,105.0,21.1668,63.0485,2.30,45.00,176.03,0.650,0.751,Success
Baseline_days,6,105.0,21.1668,21.3869,2.48,45.00,148.41,0.650,0.798,Success
Baseline_days,6,105.0,21.1668,20.1248,2.34,45.00,198.01,0.650,0.950,Success
Baseline_days,6,105.0,21.1668,13.8053,2.47,45.00,159.67,0.650,0.950,Success
Baseline_days,6,105.0,21.1668,33.1591,2.26,45.00,143.59,0.650,0.793,Success
Baseline_days,6,105.0,21.1668,21.2248,2.46,45.00,58.38,0.650,0.710,Success
Baseline_days,6,105.0,21.1668,46.0328,2.46,45.00,394.86,0.650,0.950,Success
Baseline_days,6,105.0,21.1668,22.2753,2.24,45.00,107.29,0.650,0.856,Success
Baseline_days,6,105.0,21.1668,81.5574,2.27,45.00,485.76,0.650,0.901,Success
Baseline_days,6,105.0,21.1668,21.2036,2.31,45.00,44.39,0.650,0.655,Success
Baseline_days,6,105.0,21.1668,21.6451,2.47,45.00,38.09,0.650,0.529,Success
Baseline_days,6,105.0,21.1668,28.3501,2.27,45.00,349.89,0.650,0.778,Success
Baseline_days,6,105.0,21.1668,70.1131,1.97,45.00,48.53,0.650,0.314,Success
Baseline_days,6,105.0,21.1668,62.2764,2.41,45.00,296.12,0.650,0.735,Success
Baseline_days,6,105.0,21.1668,7.3341,2.49,45.00,3421.27,0.650,0.950,Success
Baseline_days,6,105.0,21.1668,43.1649,2.50,45.00,84.51,0.650,0.440,Success
Baseline_days,6,105.0,21.1668,60.1220,1.55,45.00,175.23,0.650,0.829,Success
Baseline_days,6,105.0,21.1668,14.9623,2.31,45.00,2558.12,0.650,0.950,Success
Baseline_days,6,105.0,21.1668,40.0323,2.17,45.00,43.52,0.650,0.221,Success
Baseline_days,6,100.0,21.1668,41.5903,2.48,45.00,342.41,0.650,0.950,Success
Baseline_days,6,100.0,21.1668,42.3845,2.50,45.00,357.17,0.650,0.728,Success
Baseline_days,6,100.0,21.1668,42.1038,2.49,45.00,29.00,0.650,0.078,Success
Baseline_days,6,100.0,21.1668,31.5604,2.34,45.00,110.14,0.650,0.950,Success
Baseline_days,6,100.0,21.1668,59.6561,2.49,45.00,57.10,0.650,0.257,Success
Baseline_days,6,100.0,21.1668,16.9465,2.46,45.00,29.18,0.650,0.359,Success
Baseline_days,6,100.0,21.1668,41.5684,2.49,45.00,21.65,0.650,0.151,Success
Baseline_days,6,100.0,21.1668,19.7722,2.46,45.00,179.24,0.650,0.950,Success
Baseline_days,6,100.0,21.1668,21.0116,2.49,45.00,2948.57,0.650,0.950,Success
Baseline_days,6,100.0,21.1668,84.0151,1.66,45.00,184.16,0.650,0.836,Success
Baseline_days,6,100.0,21.1668,22.7079,1.67,45.00,144.06,0.650,0.785,Success
Baseline_days,6,100.0,21.1668,21.5794,1.85,45.00,47.20,0.650,0.698,Success
Baseline_days,6,100.0,21.1668,29.3348,2.02,45.00,29.33,0.650,0.674,Success
Baseline_days,6,100.0,21.1668,8.4251,2.46,45.00,71.82,0.650,0.364,Success
Baseline_days,6,100.0,21.1668,21.6743,2.19,45.00,48.19,0.650,0.701,Success
Baseline_days,6,100.0,21.1668,41.8764,2.49,45.00,603.61,0.650,0.730,Success
Baseline_days,6,100.0,21.1668,42.9087,2.49,45.00,540.78,0.650,0.746,Success
Baseline_days,6,100.0,21.1668,21.2924,2.44,45.00,105.73,0.650,0.873,Success
Baseline_days,6,100.0,21.1668,25.1073,2.39,45.00,295.21,0.650,0.950,Success
Baseline_days,6,100.0,21.1668,16.5863,2.25,45.00,57.83,0.650,0.581,Success
Baseline_days,6,100.0,21.1668,45.2651,2.46,45.00,16.12,0.650,0.607,Success
Baseline_days,6,100.0,21.1668,31.8192,2.25,45.00,98.98,0.650,0.950,Success
Baseline_days,6,100.0,21.1668,22.0659,2.49,45.00,45.79,0.650,0.502,Success
Baseline_days,6,100.0,21.1668,64.3116,1.59,45.00,133.68,0.650,0.797,Success
Baseline_days,6,100.0,21.1668,27.5556,2.14,45.00,165.46,0.650,0.950,Success
Baseline_days,6,100.0,21.1668,55.1550,0.55,45.00,93.29,0.650,0.938,Success
Baseline_days,6,100.0,21.1668,21.8933,2.47,45.00,95.65,0.650,0.899,Success
Baseline_days,6,100.0,21.1668,39.0422,1.69,45.00,43.94,0.650,0.917,Success
Baseline_days,6,100.0,21.1668,40.2113,1.62,45.00,31.71,0.650,0.950,Success
Baseline_days,6,100.0,21.1668,39.8333,2.50,45.00,44.83,0.650,0.155,Success
Baseline_days,6,100.0,21.1668,22.9277,2.25,45.00,78.64,0.650,0.794,Success
Baseline_days,6,100.0,21.1668,20.9771,2.49,45.00,195.84,0.650,0.950,Success
Baseline_days,6,100.0,21.1668,41.4463,2.45,45.00,37.93,0.650,0.950,Success
Baseline_days,6,100.0,21.1668,51.6854,2.38,45.00,359.26,0.650,0.926,Success
Baseline_days,6,100.0,21.1668,44.6606,2.20,45.00,1206.07,0.650,0.900,Success
Baseline_days,6,100.0,21.1668,63.8032,1.96,45.00,697.27,0.650,0.785,Success
Baseline_days,6,100.0,21.1668,50.4531,2.42,45.00,63.29,0.650,0.473,Success
Baseline_days,6,100.0,21.1668,33.2112,2.46,45.00,60.81,0.650,0.366,Success
Baseline_days,6,100.0,21.1668,58.8256,2.11,45.00,120.20,0.650,0.891,Success
Baseline_days,6,100.0,21.1668,26.7140,2.21,45.00,201.20,0.650,0.950,Success
Baseline_days,6,100.0,21.1668,21.8211,1.93,45.00,33.59,0.650,0.551,Success
Baseline_days,6,100.0,21.1668,22.7201,2.30,45.00,403.06,0.650,0.950,Success
Baseline_days,6,100.0,21.1668,84.3713,2.13,45.00,166.82,0.650,0.735,Success
Baseline_days,6,100.0,21.1668,21.1593,2.44,45.00,144.69,0.650,0.950,Success
Baseline_days,6,100.0,21.1668,27.0082,1.27,45.00,74.51,0.650,0.890,Success
Baseline_days,6,100.0,21.1668,43.4429,2.30,45.00,1037.76,0.650,0.950,Success
Baseline_days,6,100.0,21.1668,43.0773,2.47,45.00,444.39,0.650,0.816,Success
Baseline_days,6,100.0,21.1668,40.6837,2.04,45.00,132.93,0.650,0.950,Success
Baseline_days,6,100.0,21.1668,59.1045,2.31,45.00,36.84,0.650,0.298,Success
Baseline_days,6,100.0,21.1668,39.3244,2.50,45.00,111.51,0.650,0.810,Success
Baseline_days,6,100.0,21.1668,45.1699,2.49,45.00,46.77,0.650,0.172,Success
Baseline_days,6,100.0,21.1668,42.0162,2.22,45.00,31.50,0.650,0.602,Success
Baseline_days,6,100.0,21.1668,21.7358,2.32,45.00,59.34,0.650,0.712,Success
Baseline_days,6,100.0,21.1668,20.3489,2.37,45.00,57.58,0.650,0.742,Success
Baseline_days,6,100.0,21.1668,63.6941,2.50,45.00,388.69,0.650,0.736,Success
Baseline_days,6,100.0,21.1668,25.2521,2.42,45.00,58.66,0.650,0.244,Success
Baseline_days,6,100.0,21.1668,21.2062,2.34,45.00,48.42,0.650,0.683,Success
Baseline_days,6,100.0,21.1668,56.6340,2.30,45.00,125.55,0.650,0.253,Success
Baseline_days,6,100.0,21.1668,23.5352,2.44,45.00,42.84,0.650,0.572,Success
Baseline_days,6,100.0,21.1668,32.5052,2.47,45.00,222.77,0.650,0.855,Success
Baseline_days,6,100.0,21.1668,41.3853,1.58,45.00,51.89,0.650,0.950,Success
Baseline_days,6,100.0,21.1668,20.3079,2.48,45.00,39.19,0.650,0.624,Success
Baseline_days,6,100.0,21.1668,20.7450,2.33,45.00,30.76,0.650,0.474,Success
Baseline_days,6,100.0,21.1668,19.2937,2.34,45.00,46.81,0.650,0.703,Success
Baseline_days,6,100.0,21.1668,42.4096,2.50,45.00,23.93,0.650,0.514,Success
Baseline_days,6,100.0,21.1668,28.5315,1.11,45.00,171.42,0.650,0.950,Success
Baseline_days,6,100.0,21.1668,19.9942,2.50,45.00,45.58,0.650,0.574,Success
Baseline_days,6,100.0,21.1668,41.8417,2.38,45.00,673.59,0.650,0.950,Success
Baseline_days,6,100.0,21.1668,21.0134,2.29,45.00,45.47,0.650,0.649,Success
Baseline_days,6,100.0,21.1668,30.6061,2.42,45.00,183.03,0.650,0.751,Success
Baseline_days,6,95.0,21.1668,61.9230,2.40,45.00,217.47,0.650,0.785,Success
Baseline_days,6,95.0,21.1668,20.4780,2.37,45.00,238.69,0.650,0.926,Success
Baseline_days,6,95.0,21.1668,17.2461,2.26,45.00,250.61,0.650,0.950,Success
Baseline_days,6,95.0,21.1668,27.7816,2.49,45.00,25.44,0.650,0.065,Success
Baseline_days,6,95.0,21.1668,41.1124,2.50,45.00,413.84,0.650,0.950,Success
Baseline_days,6,95.0,21.1668,71.9135,1.27,45.00,43.62,0.650,0.861,Success
Baseline_days,6,95.0,21.1668,89.7599,1.09,45.00,23.53,0.650,0.950,Success
Baseline_days,6,95.0,21.1668,40.0392,1.97,45.00,25.10,0.650,0.264,Success
Baseline_days,6,95.0,21.1668,26.2449,0.70,45.00,91.76,0.650,0.950,Success
Baseline_days,6,95.0,21.1668,21.5972,2.48,45.00,86.62,0.650,0.786,Success
Baseline_days,6,95.0,21.1668,22.4976,2.49,45.00,297.57,0.650,0.950,Success
Baseline_days,6,95.0,21.1668,41.8188,2.48,45.00,363.25,0.650,0.950,Success
Baseline_days,6,95.0,21.1668,12.9767,2.22,45.00,311.21,0.650,0.799,Success
Baseline_days,6,95.0,21.1668,41.2716,1.98,45.00,1023.15,0.650,0.950,Success
Baseline_days,6,95.0,21.1668,9.9599,2.42,45.00,484.93,0.650,0.777,Success
Baseline_days,6,95.0,21.1668,42.1684,2.49,45.00,56.73,0.650,0.950,Success
Baseline_days,6,95.0,21.1668,20.6630,2.16,45.00,102.51,0.650,0.947,Success
Baseline_days,6,95.0,21.1668,34.3184,2.30,45.00,116.37,0.650,0.782,Success
Baseline_days,6,95.0,21.1668,33.9215,1.97,45.00,548.11,0.650,0.888,Success
Baseline_days,6,95.0,21.1668,37.1921,2.26,45.00,1167.04,0.650,0.950,Success
Baseline_days,6,95.0,21.1668,42.4410,2.49,45.00,23.22,0.650,0.138,Success
Baseline_days,6,95.0,21.1668,18.3711,2.34,45.00,38.95,0.650,0.344,Success
Baseline_days,6,95.0,21.1668,22.1503,2.41,45.00,507.08,0.650,0.950,Success
Baseline_days,6,95.0,21.1668,63.4298,2.48,45.00,36.10,0.650,0.134,Success
Baseline_days,6,95.0,21.1668,17.4532,2.48,45.00,2412.99,0.650,0.950,Success
Baseline_days,6,95.0,21.1668,19.8314,2.46,45.00,75.88,0.650,0.753,Success
Baseline_days,6,95.0,21.1668,24.8414,2.44,45.00,1171.33,0.650,0.950,Success
Baseline_days,6,95.0,21.1668,20.9871,2.47,45.00,167.54,0.650,0.950,Success
Baseline_days,6,95.0,21.1668,20.9843,2.18,45.00,236.45,0.650,0.950,Success
Baseline_days,6,95.0,21.1668,44.0888,2.49,45.00,261.81,0.650,0.716,Success
Baseline_days,6,95.0,21.1668,36.0838,0.35,45.00,62.20,0.650,0.950,Success
Baseline_days,6,95.0,21.1668,66.6918,2.24,45.00,68.61,0.650,0.950,Success
Baseline_days,6,95.0,21.1668,20.5583,1.15,45.00,44.45,0.650,0.650,Success
Baseline_days,6,95.0,21.1668,56.3731,2.46,45.00,230.78,0.650,0.937,Success
Baseline_days,6,95.0,21.1668,30.1296,1.96,45.00,42.18,0.650,0.616,Success
Baseline_days,6,95.0,21.1668,65.7030,1.92,45.00,131.31,0.650,0.745,Success
Baseline_days,6,95.0,21.1668,22.0830,2.04,45.00,118.24,0.650,0.865,Success
Baseline_days,6,95.0,21.1668,63.2189,2.33,45.00,156.93,0.650,0.781,Success
Baseline_days,6,95.0,21.1668,38.3755,2.17,45.00,648.75,0.650,0.837,Success
Baseline_days,6,95.0,21.1668,22.2243,2.39,45.00,43.73,0.650,0.596,Success
Baseline_days,6,95.0,21.1668,23.5236,1.48,45.00,44.91,0.650,0.637,Success
Baseline_days,6,95.0,21.1668,41.6020,2.48,45.00,240.11,0.650,0.653,Success
Baseline_days,6,95.0,21.1668,39.5166,2.35,45.00,157.10,0.650,0.795,Success
Baseline_days,6,95.0,21.1668,21.2535,2.29,45.00,48.84,0.650,0.667,Success
Baseline_days,6,95.0,21.1668,20.1646,2.48,45.00,336.13,0.650,0.950,Success
Baseline_days,6,95.0,21.1668,41.4358,2.46,45.00,431.16,0.650,0.790,Success
Baseline_days,6,95.0,21.1668,16.2942,2.37,45.00,1491.99,0.650,0.950,Success
Baseline_days,6,95.0,21.1668,40.6615,2.32,45.00,228.29,0.650,0.743,Success
Baseline_days,6,95.0,21.1668,43.2003,2.31,45.00,140.23,0.650,0.788,Success
Baseline_days,6,95.0,21.1668,20.9621,2.06,45.00,80.17,0.650,0.736,Success
Baseline_days,6,95.0,21.1668,41.4808,1.71,45.00,93.27,0.650,0.950,Success
Baseline_days,6,95.0,21.1668,20.0380,2.38,45.00,25.34,0.650,0.348,Success
Baseline_days,6,95.0,21.1668,21.1326,2.28,45.00,39.68,0.650,0.473,Success
Baseline_days,6,95.0,21.1668,21.2546,2.48,45.00,343.51,0.650,0.950,Success
Baseline_days,6,95.0,21.1668,36.2380,0.87,45.00,185.42,0.650,0.950,Success
Baseline_days,6,95.0,21.1668,81.5966,2.00,45.00,121.24,0.650,0.795,Success
Baseline_days,6,95.0,21.1668,12.2939,2.37,45.00,58.10,0.650,0.494,Success
Baseline_days,6,95.0,21.1668,23.0422,2.31,45.00,42.99,0.650,0.623,Success
Baseline_days,6,95.0,21.1668,34.7611,2.22,45.00,1694.91,0.650,0.934,Success
Baseline_days,6,95.0,21.1668,41.7457,2.50,45.00,1306.46,0.650,0.950,Success
Baseline_days,6,95.0,21.1668,42.4267,2.29,45.00,392.25,0.650,0.915,Success
Baseline_days,6,95.0,21.1668,41.9990,2.50,45.00,288.76,0.650,0.767,Success
Baseline_days,6,95.0,21.1668,21.6917,2.40,45.00,159.66,0.650,0.950,Success
Baseline_days,6,95.0,21.1668,42.1494,2.50,45.00,28.44,0.650,0.218,Success
Baseline_days,6,95.0,21.1668,42.3836,2.39,45.00,214.18,0.650,0.777,Success
Baseline_days,6,95.0,21.1668,29.5315,2.49,45.00,4611.11,0.650,0.734,Success
Baseline_days,6,95.0,21.1668,24.9766,1.70,45.00,480.17,0.650,0.824,Success
Baseline_days,6,95.0,21.1668,41.0780,2.44,45.00,323.64,0.650,0.716,Success
Baseline_days,6,95.0,21.1668,80.7965,2.41,45.00,162.57,0.650,0.744,Success
Baseline_days,6,95.0,21.1668,20.4662,2.38,45.00,176.63,0.650,0.950,Success
Baseline_days,6,90.0,21.1668,22.4100,2.32,45.00,129.58,0.650,0.864,Success
Baseline_days,6,90.0,21.1668,66.7181,2.41,45.00,572.13,0.650,0.950,Success
Baseline_days,6,90.0,21.1668,29.1653,2.50,45.00,20.81,0.650,0.388,Success
Baseline_days,6,90.0,21.1668,44.0237,2.49,45.00,27.88,0.650,0.527,Success
Baseline_days,6,90.0,21.1668,45.0494,1.62,45.00,908.63,0.650,0.931,Success
Baseline_days,6,90.0,21.1668,58.1626,2.06,45.00,137.80,0.650,0.716,Success
Baseline_days,6,90.0,21.1668,30.5723,2.48,45.00,63.43,0.650,0.459,Success
Baseline_days,6,90.0,21.1668,22.4651,2.22,45.00,42.32,0.650,0.617,Success
Baseline_days,6,90.0,21.1668,17.0282,1.09,45.00,46.55,0.650,0.950,Success
Baseline_days,6,90.0,21.1668,25.6044,0.90,45.00,145.65,0.650,0.950,Success
Baseline_days,6,90.0,21.1668,40.0902,2.38,45.00,253.22,0.650,0.930,Success
Baseline_days,6,90.0,21.1668,21.5308,2.49,45.00,85.98,0.650,0.775,Success
Baseline_days,6,90.0,21.1668,20.6358,2.36,45.00,46.12,0.650,0.661,Success
Baseline_days,6,90.0,21.1668,41.9925,2.49,45.00,600.16,0.650,0.950,Success
Baseline_days,6,90.0,21.1668,70.0475,1.11,45.00,100.67,0.650,0.950,Success
Baseline_days,6,90.0,21.1668,44.6626,2.47,45.00,512.25,0.650,0.950,Success
Baseline_days,6,90.0,21.1668,30.2471,2.01,45.00,45.43,0.650,0.791,Success
Baseline_days,6,90.0,21.1668,31.1416,2.40,45.00,431.06,0.650,0.851,Success
Baseline_days,6,90.0,21.1668,65.4431,2.43,45.00,252.10,0.650,0.950,Success
Baseline_days,6,90.0,21.1668,62.5721,1.54,45.00,130.74,0.650,0.779,Success
Baseline_days,6,90.0,21.1668,23.0266,1.52,45.00,41.54,0.650,0.680,Success
Baseline_days,6,90.0,21.1668,30.7140,1.64,45.00,128.19,0.650,0.950,Success
Baseline_days,6,90.0,21.1668,29.0720,2.28,45.00,86.99,0.650,0.772,Success
Baseline_days,6,90.0,21.1668,30.9852,0.82,45.00,130.61,0.650,0.813,Success
Baseline_days,6,90.0,21.1668,23.5845,2.41,45.00,43.57,0.650,0.608,Success
Baseline_days,6,90.0,21.1668,27.2163,0.45,45.00,1002.68,0.650,0.950,Success
Baseline_days,6,90.0,21.1668,37.0058,2.50,45.00,55.51,0.650,0.401,Success
Baseline_days,6,90.0,21.1668,28.3129,2.49,45.00,13.45,0.650,0.473,Success
Baseline_days,6,90.0,21.1668,22.3882,2.16,45.00,55.12,0.650,0.310,Success
Baseline_days,6,90.0,21.1668,43.0128,2.40,45.00,532.26,0.650,0.950,Success
Baseline_days,6,90.0,21.1668,53.7452,0.82,45.00,129.70,0.650,0.950,Success
Baseline_days,6,90.0,21.1668,11.4234,2.13,45.00,195.56,0.650,0.936,Success
Baseline_days,6,90.0,21.1668,18.7919,2.50,45.00,45.68,0.650,0.330,Success
Baseline_days,6,90.0,21.1668,19.6978,2.48,45.00,161.32,0.650,0.896,Success
Baseline_days,6,90.0,21.1668,43.1546,2.45,45.00,320.51,0.650,0.950,Success
Baseline_days,6,90.0,21.1668,65.1271,1.94,45.00,111.23,0.650,0.797,Success
Baseline_days,6,90.0,21.1668,72.7725,2.07,45.00,843.04,0.650,0.950,Success
Baseline_days,6,90.0,21.1668,22.8156,1.70,45.00,96.47,0.650,0.835,Success
Baseline_days,6,90.0,21.1668,84.8064,1.91,45.00,231.10,0.650,0.889,Success
Baseline_days,6,90.0,21.1668,31.7713,1.50,45.00,42.07,0.650,0.802,Success
Baseline_days,6,90.0,21.1668,54.9181,2.22,45.00,241.78,0.650,0.917,Success
Baseline_days,6,90.0,21.1668,38.8588,2.47,45.00,34.40,0.650,0.189,Success
Baseline_days,6,90.0,21.1668,46.0185,2.35,45.00,72.76,0.650,0.901,Success
Baseline_days,6,90.0,21.1668,42.8854,2.50,45.00,390.79,0.650,0.950,Success
Baseline_days,6,90.0,21.1668,20.0059,2.33,45.00,193.83,0.650,0.950,Success
Baseline_days,6,90.0,21.1668,25.3333,1.78,45.00,44.60,0.650,0.615,Success
Baseline_days,6,90.0,21.1668,23.0695,1.84,45.00,103.71,0.650,0.846,Success
Baseline_days,6,90.0,21.1668,10.4330,2.33,45.00,26.73,0.650,0.457,Success
Baseline_days,6,90.0,21.1668,19.5534,2.32,45.00,61.70,0.650,0.743,Success
Baseline_days,6,90.0,21.1668,22.7477,2.12,45.00,46.98,0.650,0.659,Success
Baseline_days,6,90.0,21.1668,36.9675,0.94,45.00,203.50,0.650,0.950,Success
Baseline_days,6,90.0,21.1668,19.6694,2.08,45.00,36.72,0.650,0.598,Success
Baseline_days,6,90.0,21.1668,21.1937,2.50,45.00,415.26,0.650,0.950,Success
Baseline_days,6,90.0,21.1668,22.8460,2.44,45.00,47.14,0.650,0.758,Success
Baseline_days,6,90.0,21.1668,22.7450,2.42,45.00,30.66,0.650,0.487,Success
Baseline_days,6,90.0,21.1668,21.1519,2.45,45.00,46.48,0.650,0.703,Success
Baseline_days,6,90.0,21.1668,10.2864,2.47,45.00,35.16,0.650,0.141,Success
Baseline_days,6,90.0,21.1668,28.7891,2.39,45.00,231.73,0.650,0.754,Success
Baseline_days,6,90.0,21.1668,23.6417,2.40,45.00,35.38,0.650,0.528,Success
Baseline_days,6,90.0,21.1668,42.3549,2.50,45.00,176.03,0.650,0.702,Success
Baseline_days,6,90.0,21.1668,20.6582,2.41,45.00,42.60,0.650,0.636,Success
Baseline_days,6,90.0,21.1668,33.9986,1.99,45.00,373.78,0.650,0.810,Success
Baseline_days,6,90.0,21.1668,22.1571,1.67,45.00,224.88,0.650,0.950,Success
Baseline_days,6,90.0,21.1668,38.1975,2.28,45.00,417.23,0.650,0.950,Success
Baseline_days,6,90.0,21.1668,34.2525,2.46,45.00,638.22,0.650,0.948,Success
Baseline_days,6,90.0,21.1668,24.3264,1.92,45.00,53.75,0.650,0.748,Success
Baseline_days,6,90.0,21.1668,30.6223,2.28,45.00,772.63,0.650,0.787,Success
Baseline_days,6,90.0,21.1668,56.6492,2.32,45.00,92.05,0.650,0.773,Success
Baseline_days,6,90.0,21.1668,54.7299,2.50,45.00,54.61,0.650,0.132,Success
Baseline_days,6,90.0,21.1668,30.1827,1.75,45.00,132.17,0.650,0.804,Success
Baseline_days,6,85.0,21.1668,49.2863,0.98,45.00,468.96,0.650,0.950,Success
Baseline_days,6,85.0,21.1668,42.2951,2.43,45.00,23.58,0.650,0.357,Success
Baseline_days,6,85.0,21.1668,22.8999,1.94,45.00,52.60,0.650,0.690,Success
Baseline_days,6,85.0,21.1668,21.9310,2.49,45.00,89.67,0.650,0.823,Success
Baseline_days,6,85.0,21.1668,16.4133,2.32,45.00,166.11,0.650,0.841,Success
Baseline_days,6,85.0,21.1668,63.3711,2.43,45.00,206.59,0.650,0.751,Success
Baseline_days,6,85.0,21.1668,21.8589,2.38,45.00,51.62,0.650,0.695,Success
Baseline_days,6,85.0,21.1668,27.3246,2.04,45.00,464.62,0.650,0.739,Success
Baseline_days,6,85.0,21.1668,21.2021,2.45,45.00,80.39,0.650,0.797,Success
Baseline_days,6,85.0,21.1668,20.0539,2.05,45.00,42.83,0.650,0.649,Success
Baseline_days,6,85.0,21.1668,49.7615,2.42,45.00,193.46,0.650,0.745,Success
Baseline_days,6,85.0,21.1668,41.9402,2.50,45.00,385.21,0.650,0.758,Success
Baseline_days,6,85.0,21.1668,79.8984,0.86,45.00,63.86,0.650,0.950,Success
Baseline_days,6,85.0,21.1668,31.2728,2.47,45.00,259.80,0.650,0.744,Success
Baseline_days,6,85.0,21.1668,22.6299,2.30,45.00,74.25,0.650,0.734,Success
Baseline_days,6,85.0,21.1668,20.1391,2.39,45.00,33.32,0.650,0.481,Success
Baseline_days,6,85.0,21.1668,21.1861,2.39,45.00,239.90,0.650,0.950,Success
Baseline_days,6,85.0,21.1668,14.5748,2.40,45.00,224.27,0.650,0.894,Success
Baseline_days,6,85.0,21.1668,20.9759,2.50,45.00,181.84,0.650,0.950,Success
Baseline_days,6,85.0,21.1668,20.9198,2.30,45.00,50.08,0.650,0.681,Success
Baseline_days,6,85.0,21.1668,46.2858,2.37,45.00,294.58,0.650,0.768,Success
Baseline_days,6,85.0,21.1668,28.5488,2.42,45.00,27.36,0.650,0.223,Success
Baseline_days,6,85.0,21.1668,41.1489,2.18,45.00,172.41,0.650,0.756,Success
Baseline_days,6,85.0,21.1668,40.3133,2.16,45.00,102.74,0.650,0.950,Success
Baseline_days,6,85.0,21.1668,48.2142,2.49,45.00,24.46,0.650,0.254,Success
Baseline_days,6,85.0,21.1668,22.2154,2.17,45.00,125.69,0.650,0.950,Success
Baseline_days,6,85.0,21.1668,39.5631,2.48,45.00,40.64,0.650,0.672,Success
Baseline_days,6,85.0,21.1668,13.7303,2.50,45.00,39.08,0.650,0.319,Success
Baseline_days,6,85.0,21.1668,24.8069,1.89,45.00,126.12,0.650,0.950,Success
Baseline_days,6,85.0,21.1668,37.6687,2.34,45.00,749.04,0.650,0.950,Success
Baseline_days,6,85.0,21.1668,13.5406,2.22,45.00,133.51,0.650,0.796,Success
Baseline_days,6,85.0,21.1668,44.6798,2.33,45.00,230.07,0.650,0.850,Success
Baseline_days,6,85.0,21.1668,56.2221,1.81,45.00,102.34,0.650,0.709,Success
Baseline_days,6,85.0,21.1668,19.3366,1.79,45.00,110.96,0.650,0.832,Success
Baseline_days,6,85.0,21.1668,41.9706,2.47,45.00,388.11,0.650,0.736,Success
Baseline_days,6,85.0,21.1668,21.1919,2.47,45.00,225.00,0.650,0.950,Success
Baseline_days,6,85.0,21.1668,24.7455,2.07,45.00,41.82,0.650,0.542,Success
Baseline_days,6,85.0,21.1668,62.8778,2.13,45.00,24.50,0.650,0.244,Success
Baseline_days,6,85.0,21.1668,23.4241,2.20,45.00,43.34,0.650,0.632,Success
Baseline_days,6,85.0,21.1668,20.1621,2.18,45.00,31.72,0.650,0.494,Success
Baseline_days,6,85.0,21.1668,40.8946,2.49,45.00,25.38,0.650,0.397,Success
Baseline_days,6,85.0,21.1668,21.9667,2.48,45.00,413.48,0.650,0.950,Success
Baseline_days,6,85.0,21.1668,9.4401,2.22,45.00,1921.88,0.650,0.950,Success
Baseline_days,6,85.0,21.1668,25.7153,2.43,45.00,55.38,0.650,0.545,Success
Baseline_days,6,85.0,21.1668,25.5202,2.49,45.00,367.33,0.650,0.706,Success
Baseline_days,6,85.0,21.1668,22.2482,2.01,45.00,49.49,0.650,0.712,Success
Baseline_days,6,85.0,21.1668,20.4328,2.42,45.00,28.67,0.650,0.376,Success
Baseline_days,6,85.0,21.1668,22.1975,1.87,45.00,34.86,0.650,0.571,Success
Baseline_days,6,85.0,21.1668,21.2729,2.48,45.00,79.53,0.650,0.733,Success
Baseline_days,6,85.0,21.1668,66.2155,1.72,45.00,112.20,0.650,0.950,Success
Baseline_days,6,85.0,21.1668,13.9301,2.41,45.00,852.16,0.650,0.782,Success
Baseline_days,6,85.0,21.1668,23.7112,2.30,45.00,78.67,0.650,0.784,Success
Baseline_days,6,85.0,21.1668,21.7953,2.46,45.00,81.92,0.650,0.730,Success
Baseline_days,6,85.0,21.1668,21.8383,2.48,45.00,32.56,0.650,0.207,Success
Baseline_days,6,85.0,21.1668,41.8517,2.49,45.00,280.51,0.650,0.811,Success
Baseline_days,6,85.0,21.1668,65.1671,1.94,45.00,50.38,0.650,0.437,Success
Baseline_days,6,85.0,21.1668,34.4008,2.50,45.00,31.25,0.650,0.758,Success
Baseline_days,6,85.0,21.1668,23.8883,2.48,45.00,174.20,0.650,0.950,Success
Baseline_days,6,85.0,21.1668,34.8750,2.23,45.00,95.04,0.650,0.756,Success
Baseline_days,6,85.0,21.1668,20.8970,2.44,45.00,351.29,0.650,0.950,Success
Baseline_days,6,85.0,21.1668,25.3014,2.09,45.00,36.82,0.650,0.443,Success
Baseline_days,6,85.0,21.1668,23.6740,1.66,45.00,85.86,0.650,0.842,Success
Baseline_days,6,85.0,21.1668,13.7156,2.49,45.00,52.77,0.650,0.349,Success
Baseline_days,6,85.0,21.1668,37.9713,2.48,45.00,376.36,0.650,0.865,Success
Baseline_days,6,85.0,21.1668,39.9330,2.37,45.00,264.38,0.650,0.785,Success
Baseline_days,6,85.0,21.1668,23.0478,2.49,45.00,89.93,0.650,0.754,Success
Baseline_days,6,85.0,21.1668,21.4619,2.49,45.00,40.82,0.650,0.526,Success
Baseline_days,6,85.0,21.1668,28.4330,1.37,45.00,118.93,0.650,0.950,Success
Baseline_days,6,85.0,21.1668,26.7066,0.74,45.00,60.12,0.650,0.878,Success
Baseline_days,6,85.0,21.1668,68.4766,2.06,45.00,94.73,0.650,0.778,Success
Baseline_days,6,80.0,21.1668,41.1394,2.40,45.00,1889.10,0.650,0.943,Success
Baseline_days,6,80.0,21.1668,12.0855,2.50,45.00,25.76,0.650,0.135,Success
Baseline_days,6,80.0,21.1668,25.1701,1.96,45.00,41.83,0.650,0.604,Success
Baseline_days,6,80.0,21.1668,36.8221,1.78,45.00,263.10,0.650,0.950,Success
Baseline_days,6,80.0,21.1668,20.3499,2.32,45.00,44.36,0.650,0.644,Success
Baseline_days,6,80.0,21.1668,20.4913,2.23,45.00,222.46,0.650,0.928,Success
Baseline_days,6,80.0,21.1668,21.4904,2.45,45.00,21.70,0.650,0.383,Success
Baseline_days,6,80.0,21.1668,8.8130,2.49,45.00,54.53,0.650,0.075,Success
Baseline_days,6,80.0,21.1668,20.8396,2.48,45.00,32.70,0.650,0.282,Success
Baseline_days,6,80.0,21.1668,11.0967,2.17,45.00,604.67,0.650,0.775,Success
Baseline_days,6,80.0,21.1668,20.1485,1.99,45.00,31.51,0.650,0.610,Success
Baseline_days,6,80.0,21.1668,31.6341,2.49,45.00,386.27,0.650,0.747,Success
Baseline_days,6,80.0,21.1668,21.1458,2.17,45.00,139.26,0.650,0.950,Success
Baseline_days,6,80.0,21.1668,16.6224,2.49,45.00,1588.76,0.650,0.950,Success
Baseline_days,6,80.0,21.1668,21.6944,1.79,45.00,43.15,0.650,0.622,Success
Baseline_days,6,80.0,21.1668,21.1683,2.31,45.00,101.01,0.650,0.784,Success
Baseline_days,6,80.0,21.1668,21.9525,1.75,45.00,235.81,0.650,0.950,Success
Baseline_days,6,80.0,21.1668,55.7125,1.79,45.00,1125.90,0.650,0.950,Success
Baseline_days,6,80.0,21.1668,11.9465,2.28,45.00,555.23,0.650,0.842,Success
Baseline_days,6,80.0,21.1668,41.3095,2.48,45.00,342.11,0.650,0.732,Success
Baseline_days,6,80.0,21.1668,33.1461,2.29,45.00,272.32,0.650,0.908,Success
Baseline_days,6,80.0,21.1668,19.8240,2.38,45.00,178.25,0.650,0.950,Success
Baseline_days,6,80.0,21.1668,33.8021,2.27,45.00,1401.03,0.650,0.950,Success
Baseline_days,6,80.0,21.1668,62.8104,2.50,45.00,427.28,0.650,0.950,Success
Baseline_days,6,80.0,21.1668,42.0565,2.49,45.00,405.95,0.650,0.950,Success
Baseline_days,6,80.0,21.1668,22.1578,1.99,45.00,52.17,0.650,0.696,Success
Baseline_days,6,80.0,21.1668,21.1690,1.90,45.00,61.85,0.650,0.741,Success
Baseline_days,6,80.0,21.1668,27.1215,1.84,45.00,63.39,0.650,0.941,Success
Baseline_days,6,80.0,21.1668,11.8901,2.20,45.00,46.47,0.650,0.418,Success
Baseline_days,6,80.0,21.1668,21.7261,2.41,45.00,3082.46,0.650,0.950,Success
Baseline_days,6,80.0,21.1668,31.6185,2.49,45.00,56.62,0.650,0.639,Success
Baseline_days,6,80.0,21.1668,62.8780,2.50,45.00,32.31,0.650,0.348,Success
Baseline_days,6,80.0,21.1668,20.9654,2.44,45.00,145.27,0.650,0.926,Success
Baseline_days,6,80.0,21.1668,64.9485,1.90,45.00,77.09,0.650,0.712,Success
Baseline_days,6,80.0,21.1668,39.9219,2.43,45.00,168.14,0.650,0.833,Success
Baseline_days,6,80.0,21.1668,34.1630,0.93,45.00,43.24,0.650,0.950,Success
Baseline_days,6,80.0,21.1668,20.2224,2.50,45.00,19.22,0.650,0.102,Success
Baseline_days,6,80.0,21.1668,20.7407,2.43,45.00,46.70,0.650,0.662,Success
Baseline_days,6,80.0,21.1668,42.5896,2.48,45.00,350.94,0.650,0.723,Success
Baseline_days,6,80.0,21.1668,34.7586,2.15,45.00,537.72,0.650,0.950,Success
Baseline_days,6,80.0,21.1668,17.3138,1.66,45.00,175.92,0.650,0.950,Success
Baseline_days,6,80.0,21.1668,42.1821,2.48,45.00,107.89,0.650,0.342,Success
Baseline_days,6,80.0,21.1668,33.2881,0.85,45.00,33.60,0.650,0.950,Success
Baseline_days,6,80.0,21.1668,20.2787,2.34,45.00,56.58,0.650,0.781,Success
Baseline_days,6,80.0,21.1668,21.1527,2.49,45.00,46.97,0.650,0.625,Success
Baseline_days,6,80.0,21.1668,22.0153,2.48,45.00,32.00,0.650,0.469,Success
Baseline_days,6,80.0,21.1668,23.8052,2.45,45.00,41.09,0.650,0.113,Success
Baseline_days,6,80.0,21.1668,31.9644,2.31,45.00,21.93,0.650,0.256,Success
Baseline_days,6,80.0,21.1668,22.7328,2.12,45.00,170.30,0.650,0.950,Success
Baseline_days,6,80.0,21.1668,21.0243,2.26,45.00,287.68,0.650,0.950,Success
Baseline_days,6,80.0,21.1668,30.1302,2.46,45.00,116.96,0.650,0.727,Success
Baseline_days,6,80.0,21.1668,18.3331,2.18,45.00,88.19,0.650,0.936,Success
Baseline_days,6,80.0,21.1668,15.3583,2.48,45.00,28.74,0.650,0.019,Success
Baseline_days,6,80.0,21.1668,15.5929,2.47,45.00,4094.23,0.650,0.950,Success
Baseline_days,6,80.0,21.1668,56.1233,0.64,45.00,165.32,0.650,0.942,Success
Baseline_days,6,80.0,21.1668,23.0081,2.19,45.00,245.94,0.650,0.950,Success
Baseline_days,6,80.0,21.1668,22.1182,2.45,45.00,396.46,0.650,0.700,Success
Baseline_days,6,80.0,21.1668,22.5457,2.28,45.00,190.76,0.650,0.950,Success
Baseline_days,6,80.0,21.1668,16.4202,2.27,45.00,729.39,0.650,0.689,Success
Baseline_days,6,80.0,21.1668,21.3386,2.39,45.00,109.14,0.650,0.779,Success
Baseline_days,6,80.0,21.1668,21.1777,2.49,45.00,175.15,0.650,0.950,Success
Baseline_days,6,80.0,21.1668,47.3200,2.33,45.00,2528.48,0.650,0.950,Success
Baseline_days,6,80.0,21.1668,39.8354,2.49,45.00,386.23,0.650,0.950,Success
Baseline_days,6,80.0,21.1668,20.2822,2.45,45.00,271.70,0.650,0.950,Success
Baseline_days,6,80.0,21.1668,19.8629,1.81,45.00,44.61,0.650,0.643,Success
Baseline_days,6,80.0,21.1668,52.1167,1.23,45.00,96.22,0.650,0.950,Success
Baseline_days,6,80.0,21.1668,15.0005,2.40,45.00,1523.37,0.650,0.817,Success
Baseline_days,6,80.0,21.1668,20.1670,2.44,45.00,304.77,0.650,0.950,Success
Baseline_days,6,80.0,21.1668,21.7538,2.50,45.00,28.46,0.650,0.250,Success
Baseline_days,6,80.0,21.1668,20.4861,2.32,45.00,87.95,0.650,0.758,Success
Baseline_days,6,75.0,21.1668,42.2142,2.48,45.00,595.77,0.650,0.873,Success
Baseline_days,6,75.0,21.1668,39.1103,2.43,45.00,605.63,0.650,0.921,Success
Baseline_days,6,75.0,21.1668,17.7241,2.45,45.00,201.65,0.650,0.755,Success
Baseline_days,6,75.0,21.1668,31.1489,2.44,45.00,1371.62,0.650,0.950,Success
Baseline_days,6,75.0,21.1668,23.6612,2.39,45.00,317.05,0.650,0.950,Success
Baseline_days,6,75.0,21.1668,43.0818,2.50,45.00,45.37,0.650,0.053,Success
Baseline_days,6,75.0,21.1668,19.1793,2.29,45.00,59.46,0.650,0.791,Success
Baseline_days,6,75.0,21.1668,39.7550,2.23,45.00,41.39,0.650,0.950,Success
Baseline_days,6,75.0,21.1668,22.2192,2.30,45.00,107.21,0.650,0.890,Success
Baseline_days,6,75.0,21.1668,23.0723,2.21,45.00,51.00,0.650,0.737,Success
Baseline_days,6,75.0,21.1668,55.1821,2.48,45.00,67.74,0.650,0.157,Success
Baseline_days,6,75.0,21.1668,20.9282,2.46,45.00,26.83,0.650,0.408,Success
Baseline_days,6,75.0,21.1668,21.5282,2.28,45.00,45.82,0.650,0.649,Success
Baseline_days,6,75.0,21.1668,8.3860,2.46,45.00,332.04,0.650,0.748,Success
Baseline_days,6,75.0,21.1668,8.4786,2.41,45.00,98.53,0.650,0.305,Success
Baseline_days,6,75.0,21.1668,20.1978,2.45,45.00,36.73,0.650,0.525,Success
Baseline_days,6,75.0,21.1668,40.0417,1.93,45.00,177.70,0.650,0.858,Success
Baseline_days,6,75.0,21.1668,11.3056,2.04,45.00,158.22,0.650,0.950,Success
Baseline_days,6,75.0,21.1668,41.3857,2.43,45.00,1171.79,0.650,0.890,Success
Baseline_days,6,75.0,21.1668,23.1046,2.35,45.00,241.89,0.650,0.950,Success
Baseline_days,6,75.0,21.1668,21.8010,2.45,45.00,60.90,0.650,0.755,Success
Baseline_days,6,75.0,21.1668,20.6091,2.30,45.00,77.70,0.650,0.868,Success
Baseline_days,6,75.0,21.1668,43.4566,2.42,45.00,49.08,0.650,0.257,Success
Baseline_days,6,75.0,21.1668,42.1730,2.40,45.00,238.96,0.650,0.761,Success
Baseline_days,6,75.0,21.1668,41.7172,2.10,45.00,37.59,0.650,0.942,Success
Baseline_days,6,75.0,21.1668,41.1046,1.20,45.00,33.39,0.650,0.950,Success
Baseline_days,6,75.0,21.1668,41.8906,2.46,45.00,159.34,0.650,0.741,Success
Baseline_days,6,75.0,21.1668,22.4158,2.46,45.00,58.68,0.650,0.776,Success
Baseline_days,6,75.0,21.1668,38.7858,1.17,45.00,64.30,0.650,0.950,Success
Baseline_days,6,75.0,21.1668,39.6500,2.04,45.00,183.52,0.650,0.831,Success
Baseline_days,6,75.0,21.1668,8.4925,2.40,45.00,230.28,0.650,0.950,Success
Baseline_days,6,75.0,21.1668,46.8673,2.22,45.00,194.74,0.650,0.950,Success
Baseline_days,6,75.0,21.1668,23.0926,2.07,45.00,195.54,0.650,0.950,Success
Baseline_days,6,75.0,21.1668,19.1826,2.37,45.00,68.04,0.650,0.738,Success
Baseline_days,6,75.0,21.1668,21.1370,2.41,45.00,67.90,0.650,0.764,Success
Baseline_days,6,75.0,21.1668,20.5886,2.45,45.00,169.94,0.650,0.950,Success
Baseline_days,6,75.0,21.1668,9.5687,2.46,45.00,41.15,0.650,0.364,Success
Baseline_days,6,75.0,21.1668,42.4382,2.46,45.00,355.26,0.650,0.950,Success
Baseline_days,6,75.0,21.1668,43.8151,2.49,45.00,1036.08,0.650,0.950,Success
Baseline_days,6,75.0,21.1668,18.7105,2.42,45.00,298.20,0.650,0.950,Success
Baseline_days,6,75.0,21.1668,44.3046,2.32,45.00,43.34,0.650,0.276,Success
Baseline_days,6,75.0,21.1668,20.7206,2.50,45.00,51.38,0.650,0.733,Success
Baseline_days,6,75.0,21.1668,23.6887,1.92,45.00,66.51,0.650,0.732,Success
Baseline_days,6,75.0,21.1668,22.6295,2.49,45.00,210.12,0.650,0.901,Success
Baseline_days,6,75.0,21.1668,21.5159,2.49,45.00,157.15,0.650,0.950,Success
Baseline_days,6,75.0,21.1668,19.8469,2.44,45.00,41.67,0.650,0.324,Success
Baseline_days,6,75.0,21.1668,37.1067,0.43,45.00,98.16,0.650,0.903,Success
Baseline_days,6,75.0,21.1668,21.7599,2.50,45.00,39.73,0.650,0.478,Success
Baseline_days,6,75.0,21.1668,46.9743,2.50,45.00,397.38,0.650,0.783,Success
Baseline_days,6,75.0,21.1668,56.7721,1.80,45.00,231.71,0.650,0.950,Success
Baseline_days,6,75.0,21.1668,65.4002,2.18,45.00,42.34,0.650,0.354,Success
Baseline_days,6,75.0,21.1668,22.2624,2.42,45.00,29.51,0.650,0.331,Success
Baseline_days,6,75.0,21.1668,26.7750,2.35,45.00,199.36,0.650,0.892,Success
Baseline_days,6,75.0,21.1668,25.0727,2.50,45.00,619.97,0.650,0.950,Success
Baseline_days,6,75.0,21.1668,21.9495,2.50,45.00,30.95,0.650,0.151,Success
Baseline_days,6,75.0,21.1668,32.1235,1.84,45.00,377.83,0.650,0.950,Success
Baseline_days,6,75.0,21.1668,38.7349,1.70,45.00,166.61,0.650,0.950,Success
Baseline_days,6,75.0,21.1668,40.3509,2.49,45.00,310.43,0.650,0.912,Success
Baseline_days,6,75.0,21.1668,57.3740,1.71,45.00,35.20,0.650,0.316,Success
Baseline_days,6,75.0,21.1668,21.1642,2.41,45.00,242.16,0.650,0.950,Success
Baseline_days,6,75.0,21.1668,20.9025,2.18,45.00,44.80,0.650,0.643,Success
Baseline_days,6,75.0,21.1668,18.7383,1.97,45.00,39.81,0.650,0.527,Success
Baseline_days,6,75.0,21.1668,63.5988,2.35,45.00,190.82,0.650,0.796,Success
Baseline_days,6,75.0,21.1668,20.2664,2.06,45.00,46.67,0.650,0.677,Success
Baseline_days,6,75.0,21.1668,26.0986,2.49,45.00,43.39,0.650,0.334,Success
Baseline_days,6,75.0,21.1668,17.6337,2.49,45.00,24.20,0.650,0.243,Success
Baseline_days,6,75.0,21.1668,24.3213,1.59,45.00,109.61,0.650,0.886,Success
Baseline_days,6,75.0,21.1668,55.0069,2.39,45.00,31.33,0.650,0.047,Success
Baseline_days,6,75.0,21.1668,22.6745,2.48,45.00,156.24,0.650,0.950,Success
Baseline_days,6,75.0,21.1668,21.2834,2.46,45.00,69.17,0.650,0.796,Success
Baseline_days,6,70.0,21.1668,43.1094,2.48,45.00,319.03,0.650,0.950,Success
Baseline_days,6,70.0,21.1668,34.0681,2.47,45.00,24.17,0.650,0.205,Success
Baseline_days,6,70.0,21.1668,37.3694,2.44,45.00,745.07,0.650,0.950,Success
Baseline_days,6,70.0,21.1668,21.1286,2.48,45.00,255.20,0.650,0.948,Success
Baseline_days,6,70.0,21.1668,21.8005,2.38,45.00,162.79,0.650,0.950,Success
Baseline_days,6,70.0,21.1668,35.3110,2.46,45.00,33.99,0.650,0.284,Success
Baseline_days,6,70.0,21.1668,21.1918,2.27,45.00,45.76,0.650,0.660,Success
Baseline_days,6,70.0,21.1668,43.9851,2.38,45.00,474.83,0.650,0.950,Success
Baseline_days,6,70.0,21.1668,8.1392,2.25,45.00,695.21,0.650,0.679,Success
Baseline_days,6,70.0,21.1668,22.7254,2.25,45.00,369.64,0.650,0.950,Success
Baseline_days,6,70.0,21.1668,21.0645,1.60,45.00,590.07,0.650,0.950,Success
Baseline_days,6,70.0,21.1668,19.0692,2.46,45.00,508.53,0.650,0.885,Success
Baseline_days,6,70.0,21.1668,22.7056,2.47,45.00,223.40,0.650,0.950,Success
Baseline_days,6,70.0,21.1668,20.9637,2.42,45.00,222.80,0.650,0.950,Success
Baseline_days,6,70.0,21.1668,21.2125,2.43,45.00,325.57,0.650,0.950,Success
Baseline_days,6,70.0,21.1668,21.2488,2.45,45.00,78.51,0.650,0.748,Success
Baseline_days,6,70.0,21.1668,21.4839,2.46,45.00,45.87,0.650,0.633,Success
Baseline_days,6,70.0,21.1668,38.9020,2.24,45.00,105.44,0.650,0.576,Success
Baseline_days,6,70.0,21.1668,21.4300,2.39,45.00,117.80,0.650,0.821,Success
Baseline_days,6,70.0,21.1668,31.0705,2.46,45.00,29.47,0.650,0.153,Success
Baseline_days,6,70.0,21.1668,44.2244,2.46,45.00,532.38,0.650,0.902,Success
Baseline_days,6,70.0,21.1668,21.5674,2.49,45.00,258.04,0.650,0.950,Success
Baseline_days,6,70.0,21.1668,10.5910,2.49,45.00,366.00,0.650,0.725,Success
Baseline_days,6,70.0,21.1668,11.5787,2.49,45.00,46.18,0.650,0.543,Success
Baseline_days,6,70.0,21.1668,21.9568,2.36,45.00,69.96,0.650,0.762,Success
Baseline_days,6,70.0,21.1668,20.4651,2.17,45.00,127.82,0.650,0.950,Success
Baseline_days,6,70.0,21.1668,20.6314,2.40,45.00,45.03,0.650,0.668,Success
Baseline_days,6,70.0,21.1668,22.8304,1.70,45.00,56.66,0.650,0.728,Success
Baseline_days,6,70.0,21.1668,21.4968,2.44,45.00,82.35,0.650,0.734,Success
Baseline_days,6,70.0,21.1668,25.3756,1.85,45.00,16.34,0.650,0.279,Success
Baseline_days,6,70.0,21.1668,42.3505,2.49,45.00,399.04,0.650,0.950,Success
Baseline_days,6,70.0,21.1668,39.7414,2.49,45.00,327.95,0.650,0.842,Success
Baseline_days,6,70.0,21.1668,9.4636,2.27,45.00,381.94,0.650,0.868,Success
Baseline_days,6,70.0,21.1668,61.4865,2.45,45.00,43.85,0.650,0.173,Success
Baseline_days,6,70.0,21.1668,20.6974,2.45,45.00,107.95,0.650,0.793,Success
Baseline_days,6,70.0,21.1668,33.0844,1.64,45.00,619.79,0.650,0.950,Success
Baseline_days,6,70.0,21.1668,9.2409,1.47,45.00,296.51,0.650,0.897,Success
Baseline_days,6,70.0,21.1668,42.6192,2.50,45.00,773.76,0.650,0.843,Success
Baseline_days,6,70.0,21.1668,19.9626,2.49,45.00,20.54,0.650,0.131,Success
Baseline_days,6,70.0,21.1668,58.1239,2.28,45.00,244.87,0.650,0.903,Success
Baseline_days,6,70.0,21.1668,22.8659,1.83,45.00,173.51,0.650,0.950,Success
Baseline_days,6,70.0,21.1668,21.1109,2.42,45.00,64.08,0.650,0.686,Success
Baseline_days,6,70.0,21.1668,20.8294,2.49,45.00,105.81,0.650,0.901,Success
Baseline_days,6,70.0,21.1668,33.2890,2.26,45.00,17.10,0.650,0.263,Success
Baseline_days,6,70.0,21.1668,24.4332,2.33,45.00,30.17,0.650,0.497,Success
Baseline_days,6,70.0,21.1668,14.6253,1.60,45.00,138.79,0.650,0.892,Success
Baseline_days,6,70.0,21.1668,21.8875,2.25,45.00,58.91,0.650,0.758,Success
Baseline_days,6,70.0,21.1668,19.7653,2.50,45.00,22.85,0.650,0.298,Success
Baseline_days,6,70.0,21.1668,40.9904,1.98,45.00,90.55,0.650,0.754,Success
Baseline_days,6,70.0,21.1668,21.1320,2.50,45.00,120.42,0.650,0.859,Success
Baseline_days,6,70.0,21.1668,8.2844,2.26,45.00,1403.10,0.650,0.950,Success
Baseline_days,6,70.0,21.1668,21.6593,2.40,45.00,34.54,0.650,0.545,Success
Baseline_days,6,70.0,21.1668,22.2387,1.84,45.00,92.69,0.650,0.882,Success
Baseline_days,6,70.0,21.1668,18.8032,2.39,45.00,121.90,0.650,0.901,Success
Baseline_days,6,70.0,21.1668,61.8807,2.44,45.00,45.69,0.650,0.172,Success
Baseline_days,6,70.0,21.1668,23.0271,2.02,45.00,45.28,0.650,0.649,Success
Baseline_days,6,70.0,21.1668,20.5226,2.49,45.00,34.94,0.650,0.538,Success
Baseline_days,6,70.0,21.1668,22.9489,2.48,45.00,50.48,0.650,0.746,Success
Baseline_days,6,70.0,21.1668,24.1333,2.05,45.00,65.49,0.650,0.440,Success
Baseline_days,6,70.0,21.1668,23.9639,2.29,45.00,125.86,0.650,0.710,Success
Baseline_days,6,70.0,21.1668,53.0042,1.99,45.00,145.98,0.650,0.950,Success
Baseline_days,6,70.0,21.1668,21.0608,2.37,45.00,258.01,0.650,0.950,Success
Baseline_days,6,70.0,21.1668,45.5783,2.50,45.00,34.58,0.650,0.373,Success
Baseline_days,6,70.0,21.1668,45.0106,2.24,45.00,195.04,0.650,0.950,Success
Baseline_days,6,70.0,21.1668,14.9246,2.39,45.00,114.91,0.650,0.309,Success
Baseline_days,6,70.0,21.1668,12.1578,2.47,45.00,58.31,0.650,0.950,Success
Baseline_days,6,70.0,21.1668,42.5399,2.48,45.00,403.35,0.650,0.950,Success
Baseline_days,6,70.0,21.1668,46.7710,2.15,45.00,223.09,0.650,0.807,Success
Baseline_days,6,70.0,21.1668,19.1785,2.14,45.00,41.53,0.650,0.610,Success
Baseline_days,6,70.0,21.1668,22.3074,2.35,45.00,43.70,0.650,0.671,Success
Baseline_days,6,65.0,21.1668,18.9610,2.40,45.00,130.10,0.650,0.871,Success
Baseline_days,6,65.0,21.1668,20.8833,2.50,45.00,553.70,0.650,0.950,Success
Baseline_days,6,65.0,21.1668,60.3151,2.43,45.00,38.11,0.650,0.175,Success
Baseline_days,6,65.0,21.1668,15.1950,2.49,45.00,277.91,0.650,0.774,Success
Baseline_days,6,65.0,21.1668,20.6149,2.42,45.00,62.63,0.650,0.801,Success
Baseline_days,6,65.0,21.1668,23.0021,2.50,45.00,26.28,0.650,0.354,Success
Baseline_days,6,65.0,21.1668,20.5812,2.32,45.00,39.03,0.650,0.588,Success
Baseline_days,6,65.0,21.1668,36.3201,2.46,45.00,1660.42,0.650,0.950,Success
Baseline_days,6,65.0,21.1668,21.1724,2.49,45.00,149.94,0.650,0.950,Success
Baseline_days,6,65.0,21.1668,62.4278,2.49,45.00,44.13,0.650,0.199,Success
Baseline_days,6,65.0,21.1668,25.4170,2.41,45.00,632.10,0.650,0.950,Success
Baseline_days,6,65.0,21.1668,21.4044,1.69,45.00,67.25,0.650,0.853,Success
Baseline_days,6,65.0,21.1668,21.7947,1.98,45.00,44.37,0.650,0.596,Success
Baseline_days,6,65.0,21.1668,6.7942,2.40,45.00,28.29,0.650,0.520,Success
Baseline_days,6,65.0,21.1668,56.3846,1.60,45.00,822.15,0.650,0.950,Success
Baseline_days,6,65.0,21.1668,9.7655,2.50,45.00,44.63,0.650,0.437,Success
Baseline_days,6,65.0,21.1668,23.7986,1.92,45.00,49.43,0.650,0.644,Success
Baseline_days,6,65.0,21.1668,22.6806,2.39,45.00,59.32,0.650,0.727,Success
Baseline_days,6,65.0,21.1668,23.7160,2.13,45.00,25.73,0.650,0.392,Success
Baseline_days,6,65.0,21.1668,25.9615,0.93,45.00,39.54,0.650,0.542,Success
Baseline_days,6,65.0,21.1668,11.1165,2.47,45.00,54.31,0.650,0.831,Success
Baseline_days,6,65.0,21.1668,21.5658,2.50,45.00,237.30,0.650,0.950,Success
Baseline_days,6,65.0,21.1668,33.6763,1.58,45.00,49.18,0.650,0.664,Success
Baseline_days,6,65.0,21.1668,24.9411,2.23,45.00,182.58,0.650,0.950,Success
Baseline_days,6,65.0,21.1668,21.1114,2.48,45.00,111.38,0.650,0.896,Success
Baseline_days,6,65.0,21.1668,20.7240,2.38,45.00,31.12,0.650,0.407,Success
Baseline_days,6,65.0,21.1668,21.2643,2.48,45.00,21.71,0.650,0.372,Success
Baseline_days,6,65.0,21.1668,21.0313,2.50,45.00,343.62,0.650,0.950,Success
Baseline_days,6,65.0,21.1668,33.0777,1.86,45.00,625.55,0.650,0.950,Success
Baseline_days,6,65.0,21.1668,21.3831,2.35,45.00,43.12,0.650,0.606,Success
Baseline_days,6,65.0,21.1668,20.8450,2.30,45.00,70.11,0.650,0.745,Success
Baseline_days,6,65.0,21.1668,28.9832,1.70,45.00,74.46,0.650,0.747,Success
Baseline_days,6,65.0,21.1668,6.0328,2.42,45.00,413.52,0.650,0.738,Success
Baseline_days,6,65.0,21.1668,21.0352,2.50,45.00,156.38,0.650,0.950,Success
Baseline_days,6,65.0,21.1668,37.2087,2.44,45.00,48.35,0.650,0.274,Success
Baseline_days,6,65.0,21.1668,19.7792,2.34,45.00,165.54,0.650,0.950,Success
Baseline_days,6,65.0,21.1668,15.3440,2.32,45.00,41.63,0.650,0.355,Success
Baseline_days,6,65.0,21.1668,32.9921,2.34,45.00,213.06,0.650,0.950,Success
Baseline_days,6,65.0,21.1668,21.6765,2.38,45.00,81.67,0.650,0.708,Success
Baseline_days,6,65.0,21.1668,18.8985,2.42,45.00,48.73,0.650,0.694,Success
Baseline_days,6,65.0,21.1668,21.9382,1.91,45.00,29.50,0.650,0.460,Success
Baseline_days,6,65.0,21.1668,21.4224,1.48,45.00,45.10,0.650,0.666,Success
Baseline_days,6,65.0,21.1668,21.1832,2.50,45.00,334.32,0.650,0.950,Success
Baseline_days,6,65.0,21.1668,22.8114,2.33,45.00,134.02,0.650,0.950,Success
Baseline_days,6,65.0,21.1668,21.9341,2.45,45.00,247.21,0.650,0.926,Success
Baseline_days,6,65.0,21.1668,23.7944,0.81,45.00,49.94,0.650,0.678,Success
Baseline_days,6,65.0,21.1668,21.3114,2.49,45.00,26.47,0.650,0.406,Success
Baseline_days,6,65.0,21.1668,6.1913,2.40,45.00,267.75,0.650,0.699,Success
Baseline_days,6,65.0,21.1668,28.8525,2.47,45.00,38.04,0.650,0.158,Success
Baseline_days,6,65.0,21.1668,22.5142,2.49,45.00,291.85,0.650,0.903,Success
Baseline_days,6,65.0,21.1668,22.4710,2.33,45.00,60.02,0.650,0.737,Success
Baseline_days,6,65.0,21.1668,26.0639,2.49,45.00,31.73,0.650,0.074,Success
Baseline_days,6,65.0,21.1668,20.9344,2.38,45.00,99.97,0.650,0.782,Success
Baseline_days,6,65.0,21.1668,24.9200,2.19,45.00,181.92,0.650,0.950,Success
Baseline_days,6,65.0,21.1668,21.2931,2.50,45.00,394.86,0.650,0.950,Success
Baseline_days,6,65.0,21.1668,25.6533,2.45,45.00,393.80,0.650,0.950,Success
Baseline_days,6,65.0,21.1668,12.0163,2.12,45.00,380.67,0.650,0.838,Success
Baseline_days,6,65.0,21.1668,25.7593,2.27,45.00,1698.47,0.650,0.912,Success
Baseline_days,6,65.0,21.1668,26.4462,2.39,45.00,42.17,0.650,0.153,Success
Baseline_days,6,65.0,21.1668,42.6575,2.49,45.00,335.70,0.650,0.727,Success
Baseline_days,6,65.0,21.1668,20.9208,2.47,45.00,131.82,0.650,0.507,Success
Baseline_days,6,65.0,21.1668,21.2345,2.48,45.00,83.64,0.650,0.703,Success
Baseline_days,6,65.0,21.1668,20.0199,2.27,45.00,41.72,0.650,0.648,Success
Baseline_days,6,65.0,21.1668,21.2341,2.50,45.00,116.86,0.650,0.720,Success
Baseline_days,6,65.0,21.1668,20.8387,1.81,45.00,545.92,0.650,0.950,Success
Baseline_days,6,65.0,21.1668,10.5751,2.11,45.00,120.24,0.650,0.950,Success
Baseline_days,6,65.0,21.1668,21.5278,2.46,45.00,69.18,0.650,0.795,Success
Baseline_days,6,65.0,21.1668,20.7305,2.37,45.00,210.46,0.650,0.950,Success
Baseline_days,6,65.0,21.1668,20.3017,2.42,45.00,33.78,0.650,0.538,Success
Baseline_days,6,65.0,21.1668,19.4314,2.44,45.00,54.06,0.650,0.312,Success
Baseline_days,6,60.0,21.1668,21.7791,1.84,45.00,284.53,0.650,0.950,Success
Baseline_days,6,60.0,21.1668,18.0616,2.47,45.00,986.99,0.650,0.950,Success
Baseline_days,6,60.0,21.1668,18.4958,2.43,45.00,34.64,0.650,0.271,Success
Baseline_days,6,60.0,21.1668,11.8630,2.04,45.00,104.60,0.650,0.721,Success
Baseline_days,6,60.0,21.1668,20.1284,2.31,45.00,74.36,0.650,0.769,Success
Baseline_days,6,60.0,21.1668,18.4416,2.31,45.00,175.84,0.650,0.950,Success
Baseline_days,6,60.0,21.1668,44.1112,2.38,45.00,48.59,0.650,0.170,Success
Baseline_days,6,60.0,21.1668,22.6525,2.27,45.00,53.37,0.650,0.713,Success
Baseline_days,6,60.0,21.1668,24.7362,2.33,45.00,39.33,0.650,0.511,Success
Baseline_days,6,60.0,21.1668,10.9798,2.43,45.00,95.34,0.650,0.353,Success
Baseline_days,6,60.0,21.1668,20.2436,2.44,45.00,367.24,0.650,0.950,Success
Baseline_days,6,60.0,21.1668,20.1043,2.48,45.00,114.92,0.650,0.826,Success
Baseline_days,6,60.0,21.1668,22.4683,1.73,45.00,44.01,0.650,0.633,Success
Baseline_days,6,60.0,21.1668,20.5121,2.26,45.00,146.95,0.650,0.950,Success
Baseline_days,6,60.0,21.1668,20.9445,2.40,45.00,55.47,0.650,0.753,Success
Baseline_days,6,60.0,21.1668,22.6292,2.50,45.00,118.95,0.650,0.837,Success
Baseline_days,6,60.0,21.1668,40.8778,2.40,45.00,269.65,0.650,0.729,Success
Baseline_days,6,60.0,21.1668,22.2878,1.72,45.00,44.61,0.650,0.620,Success
Baseline_days,6,60.0,21.1668,21.3000,2.49,45.00,32.77,0.650,0.538,Success
Baseline_days,6,60.0,21.1668,20.5310,2.48,45.00,87.10,0.650,0.880,Success
Baseline_days,6,60.0,21.1668,20.1654,2.47,45.00,29.59,0.650,0.068,Success
Baseline_days,6,60.0,21.1668,22.4805,2.41,45.00,59.05,0.650,0.741,Success
Baseline_days,6,60.0,21.1668,19.8616,2.44,45.00,55.24,0.650,0.751,Success
Baseline_days,6,60.0,21.1668,21.8646,2.27,45.00,43.92,0.650,0.581,Success
Baseline_days,6,60.0,21.1668,25.1065,2.44,45.00,41.24,0.650,0.441,Success
Baseline_days,6,60.0,21.1668,51.2766,1.79,45.00,1053.99,0.650,0.950,Success
Baseline_days,6,60.0,21.1668,20.9696,2.43,45.00,164.12,0.650,0.946,Success
Baseline_days,6,60.0,21.1668,9.0001,2.37,45.00,349.76,0.650,0.728,Success
Baseline_days,6,60.0,21.1668,21.5711,2.48,45.00,92.13,0.650,0.721,Success
Baseline_days,6,60.0,21.1668,38.4044,1.52,45.00,54.25,0.650,0.946,Success
Baseline_days,6,60.0,21.1668,22.5722,2.35,45.00,46.81,0.650,0.657,Success
Baseline_days,6,60.0,21.1668,22.4334,2.09,45.00,35.74,0.650,0.657,Success
Baseline_days,6,60.0,21.1668,22.0043,2.10,45.00,43.33,0.650,0.638,Success
Baseline_days,6,60.0,21.1668,14.1451,2.46,45.00,65.98,0.650,0.242,Success
Baseline_days,6,60.0,21.1668,21.1616,2.49,45.00,230.56,0.650,0.950,Success
Baseline_days,6,60.0,21.1668,20.6410,2.12,45.00,44.13,0.650,0.647,Success
Baseline_days,6,60.0,21.1668,25.3919,2.45,45.00,15.30,0.650,0.158,Success
Baseline_days,6,60.0,21.1668,20.2144,2.48,45.00,21.79,0.650,0.303,Success
Baseline_days,6,60.0,21.1668,17.3397,2.43,45.00,264.09,0.650,0.950,Success
Baseline_days,6,60.0,21.1668,9.3485,2.46,45.00,165.73,0.650,0.950,Success
Baseline_days,6,60.0,21.1668,19.6398,2.26,45.00,97.81,0.650,0.855,Success
Baseline_days,6,60.0,21.1668,23.8726,2.17,45.00,22.54,0.650,0.366,Success
Baseline_days,6,60.0,21.1668,22.5714,2.49,45.00,42.96,0.650,0.374,Success
Baseline_days,6,60.0,21.1668,31.0737,2.48,45.00,350.01,0.650,0.885,Success
Baseline_days,6,60.0,21.1668,19.7793,2.33,45.00,286.25,0.650,0.950,Success
Baseline_days,6,60.0,21.1668,20.7087,2.48,45.00,294.73,0.650,0.945,Success
Baseline_days,6,60.0,21.1668,18.7280,2.47,45.00,44.12,0.650,0.229,Success
Baseline_days,6,60.0,21.1668,11.4437,2.48,45.00,547.48,0.650,0.816,Success
Baseline_days,6,60.0,21.1668,20.8416,2.28,45.00,141.81,0.650,0.950,Success
Baseline_days,6,60.0,21.1668,34.7465,1.72,45.00,239.68,0.650,0.950,Success
Baseline_days,6,60.0,21.1668,41.0421,2.48,45.00,3136.70,0.650,0.950,Success
Baseline_days,6,60.0,21.1668,21.9356,2.38,45.00,39.22,0.650,0.520,Success
Baseline_days,6,60.0,21.1668,18.8512,2.47,45.00,42.61,0.650,0.528,Success
Baseline_days,6,60.0,21.1668,46.7572,2.39,45.00,51.94,0.650,0.950,Success
Baseline_days,6,60.0,21.1668,25.1623,2.19,45.00,325.21,0.650,0.916,Success
Baseline_days,6,60.0,21.1668,44.6084,2.49,45.00,585.92,0.650,0.950,Success
Baseline_days,6,60.0,21.1668,17.1414,2.50,45.00,1223.87,0.650,0.950,Success
Baseline_days,6,60.0,21.1668,31.4278,2.01,45.00,56.81,0.650,0.950,Success
Baseline_days,6,60.0,21.1668,21.2334,2.20,45.00,69.31,0.650,0.764,Success
Baseline_days,6,60.0,21.1668,18.1595,2.40,45.00,181.23,0.650,0.860,Success
Baseline_days,6,60.0,21.1668,22.1982,2.40,45.00,221.35,0.650,0.950,Success
Baseline_days,6,60.0,21.1668,21.3693,2.41,45.00,57.05,0.650,0.443,Success
Baseline_days,6,60.0,21.1668,22.7615,2.44,45.00,40.02,0.650,0.601,Success
Baseline_days,6,60.0,21.1668,16.3838,2.49,45.00,933.92,0.650,0.950,Success
Baseline_days,6,60.0,21.1668,26.8759,2.00,45.00,659.05,0.650,0.950,Success
Baseline_days,6,60.0,21.1668,22.9914,2.49,45.00,130.46,0.650,0.950,Success
Baseline_days,6,60.0,21.1668,20.1974,2.48,45.00,43.49,0.650,0.594,Success
Baseline_days,6,60.0,21.1668,33.1334,1.38,45.00,1376.39,0.650,0.950,Success
Baseline_days,6,60.0,21.1668,19.7501,2.33,45.00,49.90,0.650,0.726,Success
Baseline_days,6,60.0,21.1668,21.0942,2.44,45.00,144.31,0.650,0.891,Success
Baseline_days,6,55.0,21.1668,31.3123,2.43,45.00,44.63,0.650,0.297,Success
Baseline_days,6,55.0,21.1668,42.7919,2.50,45.00,394.48,0.650,0.805,Success
Baseline_days,6,55.0,21.1668,19.7015,2.29,45.00,39.38,0.650,0.505,Success
Baseline_days,6,55.0,21.1668,21.1254,2.46,45.00,171.18,0.650,0.950,Success
Baseline_days,6,55.0,21.1668,20.0370,2.33,45.00,101.01,0.650,0.848,Success
Baseline_days,6,55.0,21.1668,21.7075,2.44,45.00,24.93,0.650,0.249,Success
Baseline_days,6,55.0,21.1668,28.0193,1.99,45.00,1532.22,0.650,0.950,Success
Baseline_days,6,55.0,21.1668,9.6863,2.23,45.00,632.81,0.650,0.711,Success
Baseline_days,6,55.0,21.1668,42.3389,2.22,45.00,43.66,0.650,0.441,Success
Baseline_days,6,55.0,21.1668,30.5070,2.48,45.00,35.81,0.650,0.498,Success
Baseline_days,6,55.0,21.1668,10.4850,2.49,45.00,603.54,0.650,0.712,Success
Baseline_days,6,55.0,21.1668,20.3450,2.41,45.00,350.84,0.650,0.950,Success
Baseline_days,6,55.0,21.1668,17.1440,1.43,45.00,231.49,0.650,0.950,Success
Baseline_days,6,55.0,21.1668,21.0470,2.12,45.00,137.47,0.650,0.950,Success
Baseline_days,6,55.0,21.1668,42.3616,2.39,45.00,60.19,0.650,0.691,Success
Baseline_days,6,55.0,21.1668,24.1619,2.32,45.00,46.23,0.650,0.689,Success
Baseline_days,6,55.0,21.1668,12.7782,2.33,45.00,542.54,0.650,0.950,Success
Baseline_days,6,55.0,21.1668,26.2976,1.76,45.00,164.89,0.650,0.950,Success
Baseline_days,6,55.0,21.1668,42.0123,2.49,45.00,319.67,0.650,0.950,Success
Baseline_days,6,55.0,21.1668,23.5475,2.46,45.00,1671.65,0.650,0.925,Success
Baseline_days,6,55.0,21.1668,24.6481,2.50,45.00,30.26,0.650,0.498,Success
Baseline_days,6,55.0,21.1668,20.4810,2.37,45.00,46.84,0.650,0.711,Success
Baseline_days,6,55.0,21.1668,19.5994,2.48,45.00,66.12,0.650,0.713,Success
Baseline_days,6,55.0,21.1668,28.6344,1.71,45.00,71.93,0.650,0.935,Success
Baseline_days,6,55.0,21.1668,20.7327,2.22,45.00,89.33,0.650,0.881,Success
Baseline_days,6,55.0,21.1668,25.3652,2.32,45.00,231.95,0.650,0.950,Success
Baseline_days,6,55.0,21.1668,20.7827,2.40,45.00,229.93,0.650,0.780,Success
Baseline_days,6,55.0,21.1668,21.0990,2.48,45.00,170.93,0.650,0.706,Success
Baseline_days,6,55.0,21.1668,20.3762,2.21,45.00,34.49,0.650,0.568,Success
Baseline_days,6,55.0,21.1668,22.0993,2.50,45.00,76.18,0.650,0.750,Success
Baseline_days,6,55.0,21.1668,26.0056,2.49,45.00,44.05,0.650,0.429,Success
Baseline_days,6,55.0,21.1668,21.2634,2.50,45.00,288.02,0.650,0.950,Success
Baseline_days,6,55.0,21.1668,21.2658,2.22,45.00,92.26,0.650,0.835,Success
Baseline_days,6,55.0,21.1668,29.4324,2.45,45.00,71.37,0.650,0.520,Success
Baseline_days,6,55.0,21.1668,41.4727,2.32,45.00,207.78,0.650,0.736,Success
Baseline_days,6,55.0,21.1668,20.3461,2.46,45.00,258.95,0.650,0.950,Success
Baseline_days,6,55.0,21.1668,21.0229,2.49,45.00,36.55,0.650,0.428,Success
Baseline_days,6,55.0,21.1668,21.2512,2.48,45.00,35.25,0.650,0.557,Success
Baseline_days,6,55.0,21.1668,19.5778,2.21,45.00,37.01,0.650,0.542,Success
Baseline_days,6,55.0,21.1668,44.4946,2.50,45.00,149.80,0.650,0.905,Success
Baseline_days,6,55.0,21.1668,24.5725,1.75,45.00,44.39,0.650,0.571,Success
Baseline_days,6,55.0,21.1668,30.5831,2.32,45.00,52.44,0.650,0.289,Success
Baseline_days,6,55.0,21.1668,8.3719,2.49,45.00,535.69,0.650,0.774,Success
Baseline_days,6,55.0,21.1668,22.8935,2.31,45.00,304.38,0.650,0.950,Success
Baseline_days,6,55.0,21.1668,13.7174,2.29,45.00,162.00,0.650,0.950,Success
Baseline_days,6,55.0,21.1668,20.6393,2.47,45.00,199.39,0.650,0.950,Success
Baseline_days,6,55.0,21.1668,24.5594,2.40,45.00,338.27,0.650,0.950,Success
Baseline_days,6,55.0,21.1668,21.4822,2.40,45.00,106.36,0.650,0.805,Success
Baseline_days,6,55.0,21.1668,22.7872,2.45,45.00,36.55,0.650,0.336,Success
Baseline_days,6,55.0,21.1668,21.5587,2.42,45.00,100.47,0.650,0.819,Success
Baseline_days,6,55.0,21.1668,19.0878,2.12,45.00,39.56,0.650,0.587,Success
Baseline_days,6,55.0,21.1668,20.6754,2.48,45.00,32.32,0.650,0.543,Success
Baseline_days,6,55.0,21.1668,18.2239,2.48,45.00,33.64,0.650,0.585,Success
Baseline_days,6,55.0,21.1668,19.9538,2.45,45.00,90.33,0.650,0.840,Success
Baseline_days,6,55.0,21.1668,27.9739,2.43,45.00,22.37,0.650,0.387,Success
Baseline_days,6,55.0,21.1668,16.6984,2.32,45.00,322.79,0.650,0.950,Success
Baseline_days,6,55.0,21.1668,21.3308,2.48,45.00,78.44,0.650,0.682,Success
Baseline_days,6,55.0,21.1668,21.9952,2.26,45.00,93.03,0.650,0.826,Success
Baseline_days,6,55.0,21.1668,20.8304,2.49,45.00,174.16,0.650,0.950,Success
Baseline_days,6,55.0,21.1668,22.8334,2.34,45.00,264.56,0.650,0.819,Success
Baseline_days,6,55.0,21.1668,31.4386,2.49,45.00,816.62,0.650,0.741,Success
Baseline_days,6,55.0,21.1668,19.1115,2.29,45.00,52.87,0.650,0.693,Success
Baseline_days,6,55.0,21.1668,10.7273,2.29,45.00,1267.70,0.650,0.946,Success
Baseline_days,6,55.0,21.1668,20.3907,2.49,45.00,192.03,0.650,0.950,Success
Baseline_days,6,55.0,21.1668,19.1108,2.39,45.00,26.43,0.650,0.397,Success
Baseline_days,6,55.0,21.1668,22.2794,2.47,45.00,62.38,0.650,0.751,Success
Baseline_days,6,55.0,21.1668,20.8420,2.47,45.00,115.75,0.650,0.837,Success
Baseline_days,6,55.0,21.1668,12.6302,2.45,45.00,1671.24,0.650,0.950,Success
Baseline_days,6,55.0,21.1668,29.0851,2.50,45.00,38.15,0.650,0.508,Success
Baseline_days,6,55.0,21.1668,21.3643,2.47,45.00,201.23,0.650,0.950,Success
Baseline_days,6,50.0,21.1668,21.6331,2.49,45.00,265.00,0.650,0.950,Success
Baseline_days,6,50.0,21.1668,20.7973,2.43,45.00,98.98,0.650,0.906,Success
Baseline_days,6,50.0,21.1668,12.5233,2.46,45.00,50.25,0.650,0.147,Success
Baseline_days,6,50.0,21.1668,24.6244,2.48,45.00,870.46,0.650,0.950,Success
Baseline_days,6,50.0,21.1668,22.5738,2.48,45.00,211.25,0.650,0.950,Success
Baseline_days,6,50.0,21.1668,27.4410,2.16,45.00,507.44,0.650,0.898,Success
Baseline_days,6,50.0,21.1668,13.7616,2.43,45.00,47.99,0.650,0.204,Success
Baseline_days,6,50.0,21.1668,21.3602,2.49,45.00,262.30,0.650,0.950,Success
Baseline_days,6,50.0,21.1668,21.9408,2.44,45.00,81.86,0.650,0.722,Success
Baseline_days,6,50.0,21.1668,20.8278,1.98,45.00,243.73,0.650,0.950,Success
Baseline_days,6,50.0,21.1668,42.8743,2.50,45.00,177.68,0.650,0.875,Success
Baseline_days,6,50.0,21.1668,39.1862,2.25,45.00,2188.52,0.650,0.950,Success
Baseline_days,6,50.0,21.1668,9.8649,2.02,45.00,45.02,0.650,0.295,Success
Baseline_days,6,50.0,21.1668,6.6821,1.68,45.00,313.19,0.650,0.950,Success
Baseline_days,6,50.0,21.1668,21.3862,2.50,45.00,88.04,0.650,0.789,Success
Baseline_days,6,50.0,21.1668,22.2230,2.49,45.00,136.32,0.650,0.950,Success
Baseline_days,6,50.0,21.1668,21.2459,2.50,45.00,21.26,0.650,0.251,Success
Baseline_days,6,50.0,21.1668,16.9475,2.46,45.00,144.62,0.650,0.518,Success
Baseline_days,6,50.0,21.1668,20.2508,1.96,45.00,85.83,0.650,0.813,Success
Baseline_days,6,50.0,21.1668,40.4179,2.49,45.00,29.50,0.650,0.250,Success
Baseline_days,6,50.0,21.1668,14.8287,2.50,45.00,12.11,0.650,0.219,Success
Baseline_days,6,50.0,21.1668,13.6249,2.12,45.00,308.81,0.650,0.713,Success
Baseline_days,6,50.0,21.1668,22.6857,2.19,45.00,40.69,0.650,0.628,Success
Baseline_days,6,50.0,21.1668,12.7172,2.04,45.00,41.35,0.650,0.950,Success
Baseline_days,6,50.0,21.1668,20.9050,2.31,45.00,227.38,0.650,0.950,Success
Baseline_days,6,50.0,21.1668,18.0174,2.35,45.00,34.31,0.650,0.395,Success
Baseline_days,6,50.0,21.1668,21.2450,2.49,45.00,209.82,0.650,0.950,Success
Baseline_days,6,50.0,21.1668,21.5966,2.38,45.00,38.84,0.650,0.616,Success
Baseline_days,6,50.0,21.1668,15.3451,2.41,45.00,45.13,0.650,0.494,Success
Baseline_days,6,50.0,21.1668,17.5415,1.92,45.00,128.30,0.650,0.733,Success
Baseline_days,6,50.0,21.1668,16.5003,2.03,45.00,188.24,0.650,0.950,Success
Baseline_days,6,50.0,21.1668,21.1373,2.49,45.00,209.57,0.650,0.950,Success
Baseline_days,6,50.0,21.1668,19.1486,2.44,45.00,84.13,0.650,0.861,Success
Baseline_days,6,50.0,21.1668,37.8435,2.36,45.00,101.50,0.650,0.806,Success
Baseline_days,6,50.0,21.1668,20.6517,2.45,45.00,37.41,0.650,0.559,Success
Baseline_days,6,50.0,21.1668,19.2440,2.24,45.00,86.59,0.650,0.827,Success
Baseline_days,6,50.0,21.1668,24.5389,2.50,45.00,240.49,0.650,0.947,Success
Baseline_days,6,50.0,21.1668,22.9419,2.37,45.00,45.23,0.650,0.653,Success
Baseline_days,6,50.0,21.1668,18.8134,2.21,45.00,77.38,0.650,0.791,Success
Baseline_days,6,50.0,21.1668,41.2228,2.36,45.00,243.52,0.650,0.903,Success
Baseline_days,6,50.0,21.1668,17.3014,2.50,45.00,25.08,0.650,0.295,Success
Baseline_days,6,50.0,21.1668,7.6654,1.61,45.00,428.65,0.650,0.950,Success
Baseline_days,6,50.0,21.1668,17.2777,2.38,45.00,406.56,0.650,0.678,Success
Baseline_days,6,50.0,21.1668,24.3510,2.18,45.00,38.28,0.650,0.570,Success
Baseline_days,6,50.0,21.1668,41.3630,2.47,45.00,344.70,0.650,0.950,Success
Baseline_days,6,50.0,21.1668,20.8752,2.49,45.00,206.07,0.650,0.950,Success
Baseline_days,6,50.0,21.1668,40.0651,2.47,45.00,44.35,0.650,0.085,Success
Baseline_days,6,50.0,21.1668,9.9654,2.46,45.00,48.49,0.650,0.789,Success
Baseline_days,6,50.0,21.1668,20.6629,2.47,45.00,18.04,0.650,0.119,Success
Baseline_days,6,50.0,21.1668,11.5657,1.85,45.00,156.45,0.650,0.818,Success
Baseline_days,6,50.0,21.1668,20.8531,2.39,45.00,44.98,0.650,0.640,Success
Baseline_days,6,50.0,21.1668,19.0390,2.30,45.00,333.78,0.650,0.950,Success
Baseline_days,6,50.0,21.1668,11.2944,2.37,45.00,256.13,0.650,0.792,Success
Baseline_days,6,50.0,21.1668,19.8327,2.46,45.00,54.51,0.650,0.724,Success
Baseline_days,6,50.0,21.1668,20.8614,2.22,45.00,52.39,0.650,0.683,Success
Baseline_days,6,50.0,21.1668,18.1027,2.09,45.00,153.61,0.650,0.950,Success
Baseline_days,6,50.0,21.1668,19.5611,2.47,45.00,23.22,0.650,0.337,Success
Baseline_days,6,50.0,21.1668,21.1004,2.50,45.00,92.07,0.650,0.849,Success
Baseline_days,6,50.0,21.1668,19.2351,2.50,45.00,49.82,0.650,0.057,Success
Baseline_days,6,50.0,21.1668,12.8239,2.50,45.00,42.09,0.650,0.001,Success
Baseline_days,6,50.0,21.1668,21.3213,2.16,45.00,45.95,0.650,0.640,Success
Baseline_days,6,50.0,21.1668,17.2557,2.34,45.00,44.48,0.650,0.482,Success
Baseline_days,6,50.0,21.1668,19.6562,2.45,45.00,33.29,0.650,0.553,Success
Baseline_days,6,50.0,21.1668,13.4291,2.47,45.00,547.01,0.650,0.756,Success
Baseline_days,6,50.0,21.1668,18.5000,2.49,45.00,37.91,0.650,0.469,Success
Baseline_days,6,50.0,21.1668,41.8325,2.49,45.00,131.32,0.650,0.877,Success
Baseline_days,6,50.0,21.1668,44.5213,2.38,45.00,341.34,0.650,0.713,Success
Baseline_days,6,50.0,21.1668,23.5290,1.70,45.00,32.72,0.650,0.950,Success
Baseline_days,6,50.0,21.1668,20.9285,2.45,45.00,194.62,0.650,0.950,Success
Baseline_days,6,50.0,21.1668,5.3736,2.28,45.00,175.92,0.650,0.766,Success
Baseline_days,6,45.0,21.1668,24.0407,2.27,45.00,45.09,0.650,0.672,Success
Baseline_days,6,45.0,21.1668,24.7229,2.43,45.00,250.43,0.650,0.950,Success
Baseline_days,6,45.0,21.1668,14.3758,2.39,45.00,111.56,0.650,0.950,Success
Baseline_days,6,45.0,21.1668,14.8666,2.41,45.00,32.78,0.650,0.328,Success
Baseline_days,6,45.0,21.1668,13.2938,1.87,45.00,123.58,0.650,0.802,Success
Baseline_days,6,45.0,21.1668,10.8049,2.34,45.00,268.27,0.650,0.728,Success
Baseline_days,6,45.0,21.1668,18.7088,2.22,45.00,31.90,0.650,0.548,Success
Baseline_days,6,45.0,21.1668,6.6928,2.35,45.00,839.27,0.650,0.752,Success
Baseline_days,6,45.0,21.1668,20.5772,2.31,45.00,164.06,0.650,0.950,Success
Baseline_days,6,45.0,21.1668,19.6694,2.12,45.00,438.19,0.650,0.950,Success
Baseline_days,6,45.0,21.1668,21.8583,2.36,45.00,50.20,0.650,0.725,Success
Baseline_days,6,45.0,21.1668,21.3204,2.48,45.00,169.66,0.650,0.950,Success
Baseline_days,6,45.0,21.1668,19.1341,2.29,45.00,144.92,0.650,0.950,Success
Baseline_days,6,45.0,21.1668,10.8591,1.95,45.00,1097.80,0.650,0.950,Success
Baseline_days,6,45.0,21.1668,12.8362,2.47,45.00,688.06,0.650,0.950,Success
Baseline_days,6,45.0,21.1668,38.6290,2.42,45.00,387.82,0.650,0.777,Success
Baseline_days,6,45.0,21.1668,17.3732,2.41,45.00,47.06,0.650,0.659,Success
Baseline_days,6,45.0,21.1668,26.8255,2.31,45.00,45.03,0.650,0.657,Success
Baseline_days,6,45.0,21.1668,34.0496,2.27,45.00,835.73,0.650,0.950,Success
Baseline_days,6,45.0,21.1668,20.7276,2.50,45.00,23.47,0.650,0.311,Success
Baseline_days,6,45.0,21.1668,18.5064,2.31,45.00,164.11,0.650,0.950,Success
Baseline_days,6,45.0,21.1668,12.0829,2.36,45.00,47.86,0.650,0.295,Success
Baseline_days,6,45.0,21.1668,21.5844,2.46,45.00,44.27,0.650,0.637,Success
Baseline_days,6,45.0,21.1668,29.0541,2.45,45.00,62.11,0.650,0.344,Success
Baseline_days,6,45.0,21.1668,10.9325,2.46,45.00,169.03,0.650,0.768,Success
Baseline_days,6,45.0,21.1668,21.0357,2.45,45.00,181.68,0.650,0.950,Success
Baseline_days,6,45.0,21.1668,7.1971,2.50,45.00,122.07,0.650,0.950,Success
Baseline_days,6,45.0,21.1668,19.4732,2.04,45.00,89.56,0.650,0.832,Success
Baseline_days,6,45.0,21.1668,21.2001,2.49,45.00,276.85,0.650,0.950,Success
Baseline_days,6,45.0,21.1668,22.0097,2.49,45.00,143.20,0.650,0.950,Success
Baseline_days,6,45.0,21.1668,18.4274,2.36,45.00,56.19,0.650,0.493,Success
Baseline_days,6,45.0,21.1668,19.6145,2.23,45.00,46.17,0.650,0.683,Success
Baseline_days,6,45.0,21.1668,21.6127,2.31,45.00,244.83,0.650,0.950,Success
Baseline_days,6,45.0,21.1668,20.5018,2.43,45.00,528.35,0.650,0.950,Success
Baseline_days,6,45.0,21.1668,36.2322,1.86,45.00,209.52,0.650,0.785,Success
Baseline_days,6,45.0,21.1668,21.3339,2.50,45.00,345.06,0.650,0.849,Success
Baseline_days,6,45.0,21.1668,21.3058,2.47,45.00,178.47,0.650,0.950,Success
Baseline_days,6,45.0,21.1668,8.5517,1.75,45.00,92.70,0.650,0.923,Success
Baseline_days,6,45.0,21.1668,19.3428,2.46,45.00,243.60,0.650,0.950,Success
Baseline_days,6,45.0,21.1668,9.8828,2.43,45.00,422.67,0.650,0.793,Success
Baseline_days,6,45.0,21.1668,16.3719,2.29,45.00,230.29,0.650,0.950,Success
Baseline_days,6,45.0,21.1668,22.4920,2.20,45.00,690.80,0.650,0.950,Success
Baseline_days,6,45.0,21.1668,18.2143,2.48,45.00,20.86,0.650,0.261,Success
Baseline_days,6,45.0,21.1668,38.4942,2.22,45.00,188.18,0.650,0.866,Success
Baseline_days,6,45.0,21.1668,21.4203,2.48,45.00,166.03,0.650,0.877,Success
Baseline_days,6,45.0,21.1668,19.4376,1.55,45.00,46.29,0.650,0.677,Success
Baseline_days,6,45.0,21.1668,30.0983,2.33,45.00,311.40,0.650,0.950,Success
Baseline_days,6,45.0,21.1668,18.7393,2.36,45.00,40.60,0.650,0.539,Success
Baseline_days,6,45.0,21.1668,13.7101,2.40,45.00,17.61,0.650,0.324,Success
Baseline_days,6,45.0,21.1668,25.9472,2.46,45.00,44.03,0.650,0.471,Success
Baseline_days,6,45.0,21.1668,19.9190,2.40,45.00,92.34,0.650,0.808,Success
Baseline_days,6,45.0,21.1668,20.0159,2.00,45.00,79.35,0.650,0.804,Success
Baseline_days,6,45.0,21.1668,38.4049,2.05,45.00,107.04,0.650,0.550,Success
Baseline_days,6,45.0,21.1668,21.2068,2.50,45.00,49.82,0.650,0.675,Success
Baseline_days,6,45.0,21.1668,20.9191,2.49,45.00,226.91,0.650,0.950,Success
Baseline_days,6,45.0,21.1668,14.0118,2.30,45.00,422.05,0.650,0.950,Success
Baseline_days,6,45.0,21.1668,20.8192,2.49,45.00,271.08,0.650,0.950,Success
Baseline_days,6,45.0,21.1668,19.2422,2.47,45.00,35.40,0.650,0.576,Success
Baseline_days,6,45.0,21.1668,40.2204,2.45,45.00,362.95,0.650,0.950,Success
Baseline_days,6,45.0,21.1668,6.8388,2.40,45.00,236.28,0.650,0.950,Success
Baseline_days,6,45.0,21.1668,27.1164,2.44,45.00,22.65,0.650,0.453,Success
Baseline_days,6,45.0,21.1668,21.6198,2.50,45.00,19.88,0.650,0.250,Success
Baseline_days,6,45.0,21.1668,11.3968,2.34,45.00,546.05,0.650,0.950,Success
Baseline_days,6,45.0,21.1668,18.9605,1.90,45.00,53.68,0.650,0.752,Success
Baseline_days,6,45.0,21.1668,20.4681,2.25,45.00,38.41,0.650,0.594,Success
Baseline_days,6,45.0,21.1668,31.1473,2.32,45.00,203.67,0.650,0.735,Success
Baseline_days,6,45.0,21.1668,21.2023,2.50,45.00,281.41,0.650,0.950,Success
Baseline_days,6,45.0,21.1668,8.3525,2.41,45.00,44.38,0.650,0.170,Success
Baseline_days,6,45.0,21.1668,20.9346,2.48,45.00,29.00,0.650,0.432,Success
Baseline_days,6,45.0,21.1668,25.7120,2.32,45.00,673.00,0.650,0.950,Success
Baseline_days,6,40.0,21.1668,21.5380,2.42,45.00,202.76,0.650,0.950,Success
Baseline_days,6,40.0,21.1668,21.2495,2.38,45.00,83.54,0.650,0.723,Success
Baseline_days,6,40.0,21.1668,21.2058,2.49,45.00,89.85,0.650,0.747,Success
Baseline_days,6,40.0,21.1668,5.1114,2.38,45.00,365.57,0.650,0.755,Success
Baseline_days,6,40.0,21.1668,8.1061,2.41,45.00,70.12,0.650,0.513,Success
Baseline_days,6,40.0,21.1668,18.8242,2.38,45.00,67.33,0.650,0.740,Success
Baseline_days,6,40.0,21.1668,18.6004,2.45,45.00,144.48,0.650,0.950,Success
Baseline_days,6,40.0,21.1668,22.3321,2.45,45.00,75.49,0.650,0.756,Success
Baseline_days,6,40.0,21.1668,8.0346,2.23,45.00,818.23,0.650,0.898,Success
Baseline_days,6,40.0,21.1668,21.1905,2.34,45.00,38.54,0.650,0.586,Success
Baseline_days,6,40.0,21.1668,8.3996,2.24,45.00,51.76,0.650,0.462,Success
Baseline_days,6,40.0,21.1668,20.2903,2.50,45.00,380.64,0.650,0.753,Success
Baseline_days,6,40.0,21.1668,23.4082,2.29,45.00,155.43,0.650,0.934,Success
Baseline_days,6,40.0,21.1668,9.8300,2.36,45.00,648.68,0.650,0.738,Success
Baseline_days,6,40.0,21.1668,22.4018,2.07,45.00,74.73,0.650,0.769,Success
Baseline_days,6,40.0,21.1668,16.6232,2.33,45.00,195.24,0.650,0.950,Success
Baseline_days,6,40.0,21.1668,25.9043,2.48,45.00,23.66,0.650,0.176,Success
Baseline_days,6,40.0,21.1668,11.0153,2.43,45.00,734.64,0.650,0.794,Success
Baseline_days,6,40.0,21.1668,21.1916,2.42,45.00,24.36,0.650,0.274,Success
Baseline_days,6,40.0,21.1668,15.6761,2.36,45.00,32.77,0.650,0.680,Success
Baseline_days,6,40.0,21.1668,19.7757,1.99,45.00,275.62,0.650,0.950,Success
Baseline_days,6,40.0,21.1668,9.3838,2.44,45.00,188.35,0.650,0.802,Success
Baseline_days,6,40.0,21.1668,10.6220,2.50,45.00,111.11,0.650,0.823,Success
Baseline_days,6,40.0,21.1668,17.2484,2.29,45.00,136.39,0.650,0.950,Success
Baseline_days,6,40.0,21.1668,10.2008,2.24,45.00,45.34,0.650,0.404,Success
Baseline_days,6,40.0,21.1668,19.4472,2.45,45.00,38.50,0.650,0.644,Success
Baseline_days,6,40.0,21.1668,22.9469,2.34,45.00,41.60,0.650,0.427,Success
Baseline_days,6,40.0,21.1668,8.8339,2.47,45.00,39.81,0.650,0.351,Success
Baseline_days,6,40.0,21.1668,17.6968,2.25,45.00,288.16,0.650,0.868,Success
Baseline_days,6,40.0,21.1668,11.1320,1.93,45.00,156.39,0.650,0.950,Success
Baseline_days,6,40.0,21.1668,22.6939,1.68,45.00,39.60,0.650,0.630,Success
Baseline_days,6,40.0,21.1668,5.5355,2.50,45.00,44.17,0.650,0.056,Success
Baseline_days,6,40.0,21.1668,21.0156,2.50,45.00,151.95,0.650,0.950,Success
Baseline_days,6,40.0,21.1668,14.8050,2.09,45.00,284.38,0.650,0.950,Success
Baseline_days,6,40.0,21.1668,20.4534,2.14,45.00,153.84,0.650,0.950,Success
Baseline_days,6,40.0,21.1668,17.9582,2.40,45.00,58.39,0.650,0.352,Success
Baseline_days,6,40.0,21.1668,20.7519,2.50,45.00,53.08,0.650,0.781,Success
Baseline_days,6,40.0,21.1668,19.3873,2.41,45.00,65.31,0.650,0.831,Success
Baseline_days,6,40.0,21.1668,20.0140,2.27,45.00,42.09,0.650,0.616,Success
Baseline_days,6,40.0,21.1668,17.2630,2.16,45.00,157.86,0.650,0.862,Success
Baseline_days,6,40.0,21.1668,20.7455,2.46,45.00,105.69,0.650,0.778,Success
Baseline_days,6,40.0,21.1668,23.2095,2.34,45.00,131.30,0.650,0.866,Success
Baseline_days,6,40.0,21.1668,18.0993,2.26,45.00,98.45,0.650,0.744,Success
Baseline_days,6,40.0,21.1668,7.6228,2.43,45.00,173.01,0.650,0.821,Success
Baseline_days,6,40.0,21.1668,4.7116,1.86,45.00,343.87,0.650,0.950,Success
Baseline_days,6,40.0,21.1668,18.7349,2.06,45.00,189.35,0.650,0.948,Success
Baseline_days,6,40.0,21.1668,16.2384,1.78,45.00,79.87,0.650,0.824,Success
Baseline_days,6,40.0,21.1668,20.1759,2.46,45.00,29.59,0.650,0.483,Success
Baseline_days,6,40.0,21.1668,23.1561,2.32,45.00,43.43,0.650,0.619,Success
Baseline_days,6,40.0,21.1668,18.4494,2.48,45.00,25.76,0.650,0.196,Success
Baseline_days,6,40.0,21.1668,18.4804,2.25,45.00,51.05,0.650,0.428,Success
Baseline_days,6,40.0,21.1668,6.5829,1.86,45.00,62.71,0.650,0.686,Success
Baseline_days,6,40.0,21.1668,21.1697,2.42,45.00,153.79,0.650,0.950,Success
Baseline_days,6,40.0,21.1668,18.7861,1.98,45.00,321.05,0.650,0.918,Success
Baseline_days,6,40.0,21.1668,9.5006,2.47,45.00,432.24,0.650,0.750,Success
Baseline_days,6,40.0,21.1668,17.3218,1.99,45.00,51.89,0.650,0.585,Success
Baseline_days,6,40.0,21.1668,8.6814,2.45,45.00,47.54,0.650,0.835,Success
Baseline_days,6,40.0,21.1668,17.1535,2.50,45.00,36.82,0.650,0.123,Success
Baseline_days,6,40.0,21.1668,21.0034,2.49,45.00,25.36,0.650,0.347,Success
Baseline_days,6,40.0,21.1668,19.2765,2.28,45.00,42.97,0.650,0.632,Success
Baseline_days,6,40.0,21.1668,19.8539,1.73,45.00,729.21,0.650,0.950,Success
Baseline_days,6,40.0,21.1668,20.8012,2.39,45.00,38.58,0.650,0.556,Success
Baseline_days,6,40.0,21.1668,5.1438,2.46,45.00,117.51,0.650,0.827,Success
Baseline_days,6,40.0,21.1668,19.2764,2.39,45.00,154.95,0.650,0.950,Success
Baseline_days,6,40.0,21.1668,14.5884,2.34,45.00,849.93,0.650,0.950,Success
Baseline_days,6,40.0,21.1668,19.6161,2.44,45.00,35.72,0.650,0.525,Success
Baseline_days,6,40.0,21.1668,21.3479,2.50,45.00,101.31,0.650,0.688,Success
Baseline_days,6,40.0,21.1668,29.6622,1.72,45.00,83.77,0.650,0.804,Success
Baseline_days,6,40.0,21.1668,15.2618,2.45,45.00,53.47,0.650,0.385,Success
Baseline_days,6,40.0,21.1668,7.0169,2.30,45.00,276.89,0.650,0.863,Success
Baseline_days,6,35.0,21.1668,21.0989,2.49,45.00,341.11,0.650,0.814,Success
Baseline_days,6,35.0,21.1668,15.0738,2.07,45.00,308.46,0.650,0.950,Success
Baseline_days,6,35.0,21.1668,15.9894,2.34,45.00,327.81,0.650,0.950,Success
Baseline_days,6,35.0,21.1668,16.7221,2.29,45.00,155.11,0.650,0.950,Success
Baseline_days,6,35.0,21.1668,19.6068,2.42,45.00,56.94,0.650,0.732,Success
Baseline_days,6,35.0,21.1668,7.4120,1.12,45.00,45.24,0.650,0.950,Success
Baseline_days,6,35.0,21.1668,17.6559,2.44,45.00,39.46,0.650,0.647,Success
Baseline_days,6,35.0,21.1668,22.7674,2.49,45.00,214.40,0.650,0.950,Success
Baseline_days,6,35.0,21.1668,21.3146,2.49,45.00,74.88,0.650,0.836,Success
Baseline_days,6,35.0,21.1668,19.6711,2.43,45.00,77.68,0.650,0.836,Success
Baseline_days,6,35.0,21.1668,18.1927,1.96,45.00,121.02,0.650,0.950,Success
Baseline_days,6,35.0,21.1668,10.3456,2.48,45.00,44.95,0.650,0.456,Success
Baseline_days,6,35.0,21.1668,16.1681,2.44,45.00,33.43,0.650,0.456,Success
Baseline_days,6,35.0,21.1668,23.2452,2.44,45.00,144.86,0.650,0.950,Success
Baseline_days,6,35.0,21.1668,19.8571,2.46,45.00,30.61,0.650,0.481,Success
Baseline_days,6,35.0,21.1668,8.2363,2.39,45.00,37.03,0.650,0.233,Success
Baseline_days,6,35.0,21.1668,23.5390,2.50,45.00,160.79,0.650,0.726,Success
Baseline_days,6,35.0,21.1668,17.1622,2.15,45.00,123.76,0.650,0.950,Success
Baseline_days,6,35.0,21.1668,2.1905,2.38,45.00,17.31,0.650,0.257,Success
Baseline_days,6,35.0,21.1668,24.4831,2.19,45.00,40.61,0.650,0.526,Success
Baseline_days,6,35.0,21.1668,9.5190,2.50,45.00,55.52,0.650,0.144,Success
Baseline_days,6,35.0,21.1668,14.2512,2.38,45.00,1685.49,0.650,0.950,Success
Baseline_days,6,35.0,21.1668,21.9821,2.46,45.00,100.89,0.650,0.711,Success
Baseline_days,6,35.0,21.1668,21.0866,2.50,45.00,243.84,0.650,0.950,Success
Baseline_days,6,35.0,21.1668,21.4639,2.48,45.00,185.55,0.650,0.687,Success
Baseline_days,6,35.0,21.1668,24.0249,2.15,45.00,55.84,0.650,0.661,Success
Baseline_days,6,35.0,21.1668,15.7811,2.36,45.00,35.65,0.650,0.220,Success
Baseline_days,6,35.0,21.1668,18.6594,1.84,45.00,162.85,0.650,0.931,Success
Baseline_days,6,35.0,21.1668,24.1262,2.27,45.00,127.80,0.650,0.919,Success
Baseline_days,6,35.0,21.1668,19.6242,2.32,45.00,33.96,0.650,0.530,Success
Baseline_days,6,35.0,21.1668,21.3730,2.50,45.00,689.76,0.650,0.950,Success
Baseline_days,6,35.0,21.1668,11.4434,2.40,45.00,55.28,0.650,0.204,Success
Baseline_days,6,35.0,21.1668,18.5435,2.24,45.00,134.98,0.650,0.882,Success
Baseline_days,6,35.0,21.1668,19.4141,2.39,45.00,339.96,0.650,0.950,Success
Baseline_days,6,35.0,21.1668,7.2451,1.37,45.00,35.45,0.650,0.950,Success
Baseline_days,6,35.0,21.1668,6.1723,2.25,45.00,2446.26,0.650,0.950,Success
Baseline_days,6,35.0,21.1668,18.9682,2.22,45.00,74.62,0.650,0.747,Success
Baseline_days,6,35.0,21.1668,23.4533,2.43,45.00,46.28,0.650,0.675,Success
Baseline_days,6,35.0,21.1668,6.8545,2.40,45.00,35.46,0.650,0.383,Success
Baseline_days,6,35.0,21.1668,9.6204,1.53,45.00,223.06,0.650,0.950,Success
Baseline_days,6,35.0,21.1668,13.8729,2.32,45.00,286.61,0.650,0.950,Success
Baseline_days,6,35.0,21.1668,17.9598,2.09,45.00,123.02,0.650,0.950,Success
Baseline_days,6,35.0,21.1668,19.9379,2.47,45.00,132.46,0.650,0.944,Success
Baseline_days,6,35.0,21.1668,10.1807,2.50,45.00,19.67,0.650,0.046,Success
Baseline_days,6,35.0,21.1668,5.4732,2.19,45.00,39.49,0.650,0.578,Success
Baseline_days,6,35.0,21.1668,3.7135,1.93,45.00,33.58,0.650,0.801,Success
Baseline_days,6,35.0,21.1668,22.0119,2.25,45.00,153.91,0.650,0.942,Success
Baseline_days,6,35.0,21.1668,17.8983,2.39,45.00,24.43,0.650,0.154,Success
Baseline_days,6,35.0,21.1668,19.9811,2.48,45.00,175.50,0.650,0.950,Success
Baseline_days,6,35.0,21.1668,13.9941,2.29,45.00,993.56,0.650,0.828,Success
Baseline_days,6,35.0,21.1668,24.8376,2.31,45.00,42.47,0.650,0.490,Success
Baseline_days,6,35.0,21.1668,20.3100,2.19,45.00,43.16,0.650,0.633,Success
Baseline_days,6,35.0,21.1668,21.8408,2.48,45.00,28.02,0.650,0.361,Success
Baseline_days,6,35.0,21.1668,19.7840,2.22,45.00,19.03,0.650,0.310,Success
Baseline_days,6,35.0,21.1668,15.8545,2.36,45.00,485.22,0.650,0.743,Success
Baseline_days,6,35.0,21.1668,15.7488,2.23,45.00,117.64,0.650,0.732,Success
Baseline_days,6,35.0,21.1668,22.0153,2.43,45.00,32.03,0.650,0.488,Success
Baseline_days,6,35.0,21.1668,6.5044,2.49,45.00,374.16,0.650,0.732,Success
Baseline_days,6,35.0,21.1668,9.4701,2.29,45.00,201.80,0.650,0.950,Success
Baseline_days,6,35.0,21.1668,21.0990,2.50,45.00,210.55,0.650,0.822,Success
Baseline_days,6,35.0,21.1668,13.8671,2.42,45.00,384.46,0.650,0.503,Success
Baseline_days,6,35.0,21.1668,11.3544,2.50,45.00,66.24,0.650,0.038,Success
Baseline_days,6,35.0,21.1668,10.5699,2.43,45.00,54.35,0.650,0.703,Success
Baseline_days,6,35.0,21.1668,5.5833,2.50,45.00,314.45,0.650,0.950,Success
Baseline_days,6,35.0,21.1668,7.3531,1.84,45.00,1191.36,0.650,0.928,Success
Baseline_days,6,35.0,21.1668,20.9728,2.34,45.00,161.20,0.650,0.950,Success
Baseline_days,6,35.0,21.1668,21.8328,2.46,45.00,113.20,0.650,0.727,Success
Baseline_days,6,35.0,21.1668,15.6178,2.44,45.00,43.19,0.650,0.469,Success
Baseline_days,6,35.0,21.1668,18.4939,2.08,45.00,85.06,0.650,0.828,Success
Baseline_days,6,35.0,21.1668,10.0733,1.88,45.00,353.26,0.650,0.734,Success
Baseline_days,6,30.0,21.1668,12.9119,2.47,45.00,43.87,0.650,0.158,Success
Baseline_days,6,30.0,21.1668,6.5160,1.87,45.00,16.53,0.650,0.524,Success
Baseline_days,6,30.0,21.1668,17.8840,2.48,45.00,179.20,0.650,0.735,Success
Baseline_days,6,30.0,21.1668,18.7048,2.21,45.00,34.66,0.650,0.499,Success
Baseline_days,6,30.0,21.1668,19.9468,2.49,45.00,111.13,0.650,0.867,Success
Baseline_days,6,30.0,21.1668,16.9349,2.07,45.00,35.06,0.650,0.412,Success
Baseline_days,6,30.0,21.1668,21.4385,2.43,45.00,202.42,0.650,0.950,Success
Baseline_days,6,30.0,21.1668,22.5210,2.34,45.00,66.43,0.650,0.716,Success
Baseline_days,6,30.0,21.1668,9.4667,2.03,45.00,143.54,0.650,0.849,Success
Baseline_days,6,30.0,21.1668,11.8729,2.33,45.00,748.39,0.650,0.735,Success
Baseline_days,6,30.0,21.1668,7.0973,2.39,45.00,310.61,0.650,0.728,Success
Baseline_days,6,30.0,21.1668,16.7837,2.14,45.00,259.87,0.650,0.950,Success
Baseline_days,6,30.0,21.1668,16.4759,2.20,45.00,255.20,0.650,0.780,Success
Baseline_days,6,30.0,21.1668,21.2043,2.49,45.00,219.68,0.650,0.950,Success
Baseline_days,6,30.0,21.1668,10.2311,2.48,45.00,151.19,0.650,0.950,Success
Baseline_days,6,30.0,21.1668,21.4933,2.40,45.00,34.83,0.650,0.538,Success
Baseline_days,6,30.0,21.1668,20.6902,2.36,45.00,33.65,0.650,0.561,Success
Baseline_days,6,30.0,21.1668,20.7819,2.38,45.00,37.36,0.650,0.596,Success
Baseline_days,6,30.0,21.1668,20.6260,2.47,45.00,232.58,0.650,0.930,Success
Baseline_days,6,30.0,21.1668,21.0983,2.45,45.00,107.36,0.650,0.813,Success
Baseline_days,6,30.0,21.1668,21.1271,2.50,45.00,371.07,0.650,0.950,Success
Baseline_days,6,30.0,21.1668,20.9182,2.50,45.00,209.42,0.650,0.950,Success
Baseline_days,6,30.0,21.1668,20.4300,2.49,45.00,108.88,0.650,0.687,Success
Baseline_days,6,30.0,21.1668,20.4380,2.32,45.00,61.87,0.650,0.737,Success
Baseline_days,6,30.0,21.1668,21.1070,2.46,45.00,25.94,0.650,0.330,Success
Baseline_days,6,30.0,21.1668,22.0161,2.27,45.00,57.87,0.650,0.717,Success
Baseline_days,6,30.0,21.1668,20.6546,2.37,45.00,150.74,0.650,0.950,Success
Baseline_days,6,30.0,21.1668,18.4223,2.01,45.00,33.92,0.650,0.537,Success
Baseline_days,6,30.0,21.1668,18.9103,2.33,45.00,144.90,0.650,0.878,Success
Baseline_days,6,30.0,21.1668,9.2408,2.49,45.00,162.13,0.650,0.847,Success
Baseline_days,6,30.0,21.1668,5.3173,2.48,45.00,47.07,0.650,0.125,Success
Baseline_days,6,30.0,21.1668,14.1868,2.35,45.00,336.91,0.650,0.950,Success
Baseline_days,6,30.0,21.1668,5.7308,2.06,45.00,65.09,0.650,0.481,Success
Baseline_days,6,30.0,21.1668,10.1999,2.03,45.00,637.90,0.650,0.950,Success
Baseline_days,6,30.0,21.1668,18.3482,2.07,45.00,146.61,0.650,0.950,Success
Baseline_days,6,30.0,21.1668,19.8739,2.32,45.00,40.22,0.650,0.577,Success
Baseline_days,6,30.0,21.1668,10.8605,2.46,45.00,204.89,0.650,0.927,Success
Baseline_days,6,30.0,21.1668,22.4580,2.39,45.00,90.89,0.650,0.828,Success
Baseline_days,6,30.0,21.1668,21.6219,2.43,45.00,80.71,0.650,0.733,Success
Baseline_days,6,30.0,21.1668,20.2864,2.43,45.00,190.17,0.650,0.950,Success
Baseline_days,6,30.0,21.1668,8.9320,2.20,45.00,48.78,0.650,0.643,Success
Baseline_days,6,30.0,21.1668,23.5671,2.40,45.00,39.01,0.650,0.523,Success
Baseline_days,6,30.0,21.1668,23.0605,2.20,45.00,46.46,0.650,0.651,Success
Baseline_days,6,30.0,21.1668,12.4079,2.50,45.00,879.31,0.650,0.950,Success
Baseline_days,6,30.0,21.1668,20.6593,2.50,45.00,28.29,0.650,0.338,Success
Baseline_days,6,30.0,21.1668,5.6301,2.27,45.00,214.53,0.650,0.784,Success
Baseline_days,6,30.0,21.1668,21.0055,2.50,45.00,166.71,0.650,0.950,Success
Baseline_days,6,30.0,21.1668,18.5859,2.30,45.00,175.95,0.650,0.950,Success
Baseline_days,6,30.0,21.1668,10.3256,2.45,45.00,241.89,0.650,0.849,Success
Baseline_days,6,30.0,21.1668,22.7193,2.35,45.00,208.75,0.650,0.950,Success
Baseline_days,6,30.0,21.1668,21.2121,2.22,45.00,484.81,0.650,0.950,Success
Baseline_days,6,30.0,21.1668,20.6178,2.50,45.00,75.39,0.650,0.801,Success
Baseline_days,6,30.0,21.1668,5.4882,1.80,45.00,248.20,0.650,0.950,Success
Baseline_days,6,30.0,21.1668,11.2905,2.35,45.00,2816.87,0.650,0.950,Success
Baseline_days,6,30.0,21.1668,16.5998,2.07,45.00,576.95,0.650,0.950,Success
Baseline_days,6,30.0,21.1668,20.7024,2.48,45.00,201.60,0.650,0.950,Success
Baseline_days,6,30.0,21.1668,8.1275,2.50,45.00,155.13,0.650,0.716,Success
Baseline_days,6,30.0,21.1668,19.6448,2.24,45.00,44.03,0.650,0.640,Success
Baseline_days,6,30.0,21.1668,4.9653,2.38,45.00,274.47,0.650,0.950,Success
Baseline_days,6,30.0,21.1668,4.5135,1.75,45.00,102.86,0.650,0.950,Success
Baseline_days,6,30.0,21.1668,17.9512,2.33,45.00,93.13,0.650,0.857,Success
Baseline_days,6,30.0,21.1668,7.1764,2.36,45.00,602.28,0.650,0.911,Success
Baseline_days,6,30.0,21.1668,11.5648,2.14,45.00,266.28,0.650,0.919,Success
Baseline_days,6,30.0,21.1668,20.5528,2.45,45.00,293.13,0.650,0.950,Success
Baseline_days,6,30.0,21.1668,22.0413,2.46,45.00,187.32,0.650,0.950,Success
Baseline_days,6,30.0,21.1668,4.1650,2.35,45.00,599.57,0.650,0.939,Success
Baseline_days,6,30.0,21.1668,20.7032,2.49,45.00,44.23,0.650,0.698,Success
Baseline_days,6,30.0,21.1668,3.3666,2.01,45.00,94.17,0.650,0.776,Success
Baseline_days,6,30.0,21.1668,21.4659,2.22,45.00,62.58,0.650,0.751,Success
Baseline_days,6,30.0,21.1668,7.2054,1.88,45.00,169.78,0.650,0.924,Success
Baseline_days,6,25.0,21.1668,8.4966,2.38,45.00,90.43,0.650,0.950,Success
Baseline_days,6,25.0,21.1668,21.3708,2.49,45.00,297.56,0.650,0.950,Success
Baseline_days,6,25.0,21.1668,16.3097,2.36,45.00,311.98,0.650,0.950,Success
Baseline_days,6,25.0,21.1668,18.8218,2.45,45.00,34.18,0.650,0.446,Success
Baseline_days,6,25.0,21.1668,18.2390,2.29,45.00,145.09,0.650,0.838,Success
Baseline_days,6,25.0,21.1668,4.7557,2.50,45.00,384.22,0.650,0.709,Success
Baseline_days,6,25.0,21.1668,10.4766,2.50,45.00,63.15,0.650,0.766,Success
Baseline_days,6,25.0,21.1668,8.8942,2.45,45.00,75.21,0.650,0.151,Success
Baseline_days,6,25.0,21.1668,19.8999,2.50,45.00,349.28,0.650,0.950,Success
Baseline_days,6,25.0,21.1668,5.4044,2.46,45.00,169.02,0.650,0.685,Success
Baseline_days,6,25.0,21.1668,12.6691,2.25,45.00,30.12,0.650,0.450,Success
Baseline_days,6,25.0,21.1668,10.4746,2.30,45.00,131.57,0.650,0.745,Success
Baseline_days,6,25.0,21.1668,18.2556,2.31,45.00,52.77,0.650,0.555,Success
Baseline_days,6,25.0,21.1668,19.6772,2.15,45.00,60.24,0.650,0.747,Success
Baseline_days,6,25.0,21.1668,17.6385,2.34,45.00,22.59,0.650,0.383,Success
Baseline_days,6,25.0,21.1668,13.1046,1.59,45.00,552.41,0.650,0.950,Success
Baseline_days,6,25.0,21.1668,14.4359,2.20,45.00,304.01,0.650,0.950,Success
Baseline_days,6,25.0,21.1668,10.4466,2.10,45.00,429.94,0.650,0.950,Success
Baseline_days,6,25.0,21.1668,2.9236,1.30,45.00,26.27,0.650,0.950,Success
Baseline_days,6,25.0,21.1668,15.2088,2.38,45.00,568.16,0.650,0.950,Success
Baseline_days,6,25.0,21.1668,7.9595,2.08,45.00,354.76,0.650,0.737,Success
Baseline_days,6,25.0,21.1668,21.3166,2.27,45.00,39.93,0.650,0.617,Success
Baseline_days,6,25.0,21.1668,20.1296,2.50,45.00,272.17,0.650,0.950,Success
Baseline_days,6,25.0,21.1668,4.2977,2.39,45.00,708.63,0.650,0.753,Success
Baseline_days,6,25.0,21.1668,20.7787,2.37,45.00,69.21,0.650,0.727,Success
Baseline_days,6,25.0,21.1668,5.7092,2.48,45.00,39.99,0.650,0.950,Success
Baseline_days,6,25.0,21.1668,20.2864,2.37,45.00,33.17,0.650,0.400,Success
Baseline_days,6,25.0,21.1668,19.0334,2.42,45.00,139.34,0.650,0.932,Success
Baseline_days,6,25.0,21.1668,4.0715,1.93,45.00,85.20,0.650,0.486,Success
Baseline_days,6,25.0,21.1668,7.8156,2.11,45.00,221.99,0.650,0.766,Success
Baseline_days,6,25.0,21.1668,20.3550,2.47,45.00,68.17,0.650,0.773,Success
Baseline_days,6,25.0,21.1668,5.5882,2.49,45.00,773.47,0.650,0.950,Success
Baseline_days,6,25.0,21.1668,13.6144,2.50,45.00,32.40,0.650,0.409,Success
Baseline_days,6,25.0,21.1668,21.1595,2.08,45.00,398.06,0.650,0.950,Success
Baseline_days,6,25.0,21.1668,19.5914,2.37,45.00,32.44,0.650,0.383,Success
Baseline_days,6,25.0,21.1668,17.0605,2.09,45.00,144.54,0.650,0.696,Success
Baseline_days,6,25.0,21.1668,18.4910,2.34,45.00,234.77,0.650,0.950,Success
Baseline_days,6,25.0,21.1668,17.5526,2.26,45.00,238.51,0.650,0.950,Success
Baseline_days,6,25.0,21.1668,13.7388,2.20,45.00,189.16,0.650,0.753,Success
Baseline_days,6,25.0,21.1668,21.4393,2.50,45.00,893.52,0.650,0.950,Success
Baseline_days,6,25.0,21.1668,20.8510,2.47,45.00,72.72,0.650,0.700,Success
Baseline_days,6,25.0,21.1668,16.1558,2.28,45.00,37.24,0.650,0.101,Success
Baseline_days,6,25.0,21.1668,12.8965,1.68,45.00,396.48,0.650,0.950,Success
Baseline_days,6,25.0,21.1668,20.6512,2.49,45.00,301.72,0.650,0.950,Success
Baseline_days,6,25.0,21.1668,19.5960,2.43,45.00,38.05,0.650,0.559,Success
Baseline_days,6,25.0,21.1668,6.8735,1.95,45.00,73.10,0.650,0.950,Success
Baseline_days,6,25.0,21.1668,17.8673,2.37,45.00,28.07,0.650,0.164,Success
Baseline_days,6,25.0,21.1668,21.3606,2.34,45.00,75.33,0.650,0.804,Success
Baseline_days,6,25.0,21.1668,21.2149,2.48,45.00,162.83,0.650,0.950,Success
Baseline_days,6,25.0,21.1668,20.8066,2.48,45.00,85.96,0.650,0.721,Success
Baseline_days,6,25.0,21.1668,18.4961,2.36,45.00,62.03,0.650,0.660,Success
Baseline_days,6,25.0,21.1668,7.4117,2.25,45.00,1080.88,0.650,0.950,Success
Baseline_days,6,25.0,21.1668,8.6716,2.48,45.00,1946.12,0.650,0.950,Success
Baseline_days,6,25.0,21.1668,7.5403,2.21,45.00,19.68,0.650,0.502,Success
Baseline_days,6,25.0,21.1668,20.4509,1.50,45.00,48.59,0.650,0.683,Success
Baseline_days,6,25.0,21.1668,18.6650,2.37,45.00,29.68,0.650,0.375,Success
Baseline_days,6,25.0,21.1668,17.8596,1.12,45.00,47.90,0.650,0.629,Success
Baseline_days,6,25.0,21.1668,21.3592,2.37,45.00,133.18,0.650,0.950,Success
Baseline_days,6,25.0,21.1668,16.1262,2.42,45.00,451.29,0.650,0.911,Success
Baseline_days,6,25.0,21.1668,17.0257,2.39,45.00,357.56,0.650,0.909,Success
Baseline_days,6,25.0,21.1668,7.0732,2.48,45.00,661.34,0.650,0.737,Success
Baseline_days,6,25.0,21.1668,17.0513,1.55,45.00,112.62,0.650,0.841,Success
Baseline_days,6,25.0,21.1668,19.9646,2.48,45.00,285.46,0.650,0.950,Success
Baseline_days,6,25.0,21.1668,8.6945,2.07,45.00,5849.84,0.650,0.898,Success
Baseline_days,6,25.0,21.1668,17.2788,2.41,45.00,36.06,0.650,0.331,Success
Baseline_days,6,25.0,21.1668,19.8486,2.50,45.00,475.10,0.650,0.950,Success
Baseline_days,6,25.0,21.1668,17.3032,1.97,45.00,33.73,0.650,0.401,Success
Baseline_days,6,25.0,21.1668,6.8674,2.28,45.00,45.15,0.650,0.950,Success
Baseline_days,6,25.0,21.1668,8.8896,2.43,45.00,149.83,0.650,0.863,Success
Baseline_days,6,25.0,21.1668,18.3939,2.36,45.00,30.14,0.650,0.314,Success
Baseline_days,6,20.0,21.1668,5.5639,2.49,45.00,27.55,0.650,0.367,Success
Baseline_days,6,20.0,21.1668,8.7731,2.27,45.00,271.27,0.650,0.786,Success
Baseline_days,6,20.0,21.1668,13.5525,1.67,45.00,78.09,0.650,0.597,Success
Baseline_days,6,20.0,21.1668,2.7186,2.48,45.00,3548.17,0.650,0.950,Success
Baseline_days,6,20.0,21.1668,17.0959,2.30,45.00,218.73,0.650,0.950,Success
Baseline_days,6,20.0,21.1668,14.8653,1.56,45.00,517.41,0.650,0.932,Success
Baseline_days,6,20.0,21.1668,4.2894,2.29,45.00,531.27,0.650,0.950,Success
Baseline_days,6,20.0,21.1668,5.8595,2.19,45.00,676.39,0.650,0.761,Success
Baseline_days,6,20.0,21.1668,17.9705,1.95,45.00,161.26,0.650,0.886,Success
Baseline_days,6,20.0,21.1668,4.5913,1.69,45.00,36.57,0.650,0.524,Success
Baseline_days,6,20.0,21.1668,12.2216,2.21,45.00,240.14,0.650,0.837,Success
Baseline_days,6,20.0,21.1668,7.7771,2.19,45.00,792.12,0.650,0.801,Success
Baseline_days,6,20.0,21.1668,15.6118,2.31,45.00,140.41,0.650,0.898,Success
Baseline_days,6,20.0,21.1668,2.4174,1.44,45.00,236.93,0.650,0.950,Success
Baseline_days,6,20.0,21.1668,12.6003,2.00,45.00,157.83,0.650,0.795,Success
Baseline_days,6,20.0,21.1668,7.7205,2.45,45.00,42.81,0.650,0.508,Success
Baseline_days,6,20.0,21.1668,6.1474,2.26,45.00,178.74,0.650,0.841,Success
Baseline_days,6,20.0,21.1668,18.9595,2.41,45.00,80.54,0.650,0.753,Success
Baseline_days,6,20.0,21.1668,11.6973,1.84,45.00,28.19,0.650,0.557,Success
Baseline_days,6,20.0,21.1668,8.6639,2.14,45.00,222.76,0.650,0.950,Success
Baseline_days,6,20.0,21.1668,12.4872,1.91,45.00,208.68,0.650,0.950,Success
Baseline_days,6,20.0,21.1668,13.7161,1.96,45.00,183.86,0.650,0.950,Success
Baseline_days,6,20.0,21.1668,8.9297,2.30,45.00,17.06,0.650,0.505,Success
Baseline_days,6,20.0,21.1668,15.7509,2.33,45.00,43.25,0.650,0.421,Success
Baseline_days,6,20.0,21.1668,9.6842,2.37,45.00,62.50,0.650,0.477,Success
Baseline_days,6,20.0,21.1668,6.8680,2.23,45.00,388.66,0.650,0.869,Success
Baseline_days,6,20.0,21.1668,10.5595,2.30,45.00,48.24,0.650,0.390,Success
Baseline_days,6,20.0,21.1668,16.7359,1.50,45.00,52.59,0.650,0.646,Success
Baseline_days,6,20.0,21.1668,18.8128,2.41,45.00,44.70,0.650,0.642,Success
Baseline_days,6,20.0,21.1668,12.1707,2.16,45.00,52.75,0.650,0.697,Success
Baseline_days,6,20.0,21.1668,4.4365,2.08,45.00,79.83,0.650,0.950,Success
Baseline_days,6,20.0,21.1668,14.4840,2.35,45.00,35.89,0.650,0.120,Success
Baseline_days,6,20.0,21.1668,12.1223,2.42,45.00,42.79,0.650,0.421,Success
Baseline_days,6,20.0,21.1668,7.8820,1.30,45.00,213.37,0.650,0.852,Success
Baseline_days,6,20.0,21.1668,15.7575,2.18,45.00,339.28,0.650,0.950,Success
Baseline_days,6,20.0,21.1668,15.9068,2.48,45.00,1544.76,0.650,0.950,Success
Baseline_days,6,20.0,21.1668,17.5306,2.08,45.00,43.10,0.650,0.445,Success
Baseline_days,6,20.0,21.1668,19.4625,2.40,45.00,18.51,0.650,0.403,Success
Baseline_days,6,20.0,21.1668,6.9472,2.23,45.00,139.60,0.650,0.850,Success
Baseline_days,6,20.0,21.1668,4.1176,2.46,45.00,163.67,0.650,0.792,Success
Baseline_days,6,20.0,21.1668,15.3030,2.26,45.00,179.80,0.650,0.930,Success
Baseline_days,6,20.0,21.1668,15.7577,2.23,45.00,204.57,0.650,0.950,Success
Baseline_days,6,20.0,21.1668,11.3147,2.48,45.00,36.87,0.650,0.422,Success
Baseline_days,6,20.0,21.1668,3.3088,2.37,45.00,35.07,0.650,0.290,Success
Baseline_days,6,20.0,21.1668,16.0219,2.28,45.00,219.51,0.650,0.950,Success
Baseline_days,6,20.0,21.1668,2.7586,2.47,45.00,30.48,0.650,0.636,Success
Baseline_days,6,20.0,21.1668,17.6719,2.39,45.00,22.42,0.650,0.186,Success
Baseline_days,6,20.0,21.1668,10.5650,2.45,45.00,366.71,0.650,0.752,Success
Baseline_days,6,20.0,21.1668,14.7691,2.09,45.00,71.15,0.650,0.709,Success
Baseline_days,6,20.0,21.1668,11.9138,2.36,45.00,164.80,0.650,0.842,Success
Baseline_days,6,20.0,21.1668,14.9583,1.97,45.00,23.48,0.650,0.469,Success
Baseline_days,6,20.0,21.1668,4.2904,2.19,45.00,269.46,0.650,0.779,Success
Baseline_days,6,20.0,21.1668,17.3789,2.35,45.00,21.62,0.650,0.170,Success
Baseline_days,6,20.0,21.1668,3.0133,2.37,45.00,1865.43,0.650,0.726,Success
Baseline_days,6,20.0,21.1668,7.7734,2.39,45.00,86.54,0.650,0.368,Success
Baseline_days,6,20.0,21.1668,15.5109,2.22,45.00,150.44,0.650,0.950,Success
Baseline_days,6,20.0,21.1668,13.2122,2.00,45.00,31.11,0.650,0.522,Success
Baseline_days,6,20.0,21.1668,12.0215,2.13,45.00,215.68,0.650,0.821,Success
Baseline_days,6,20.0,21.1668,10.0219,2.23,45.00,28.56,0.650,0.544,Success
Baseline_days,6,20.0,21.1668,12.5710,2.15,45.00,41.08,0.650,0.133,Success
Baseline_days,6,20.0,21.1668,18.2205,2.11,45.00,46.10,0.650,0.498,Success
Baseline_days,6,20.0,21.1668,4.3073,2.21,45.00,213.28,0.650,0.950,Success
Baseline_days,6,20.0,21.1668,14.7898,2.03,45.00,451.25,0.650,0.914,Success
Baseline_days,6,20.0,21.1668,9.2236,2.23,45.00,69.18,0.650,0.950,Success
Baseline_days,6,20.0,21.1668,9.7258,2.02,45.00,311.91,0.650,0.773,Success
Baseline_days,6,20.0,21.1668,6.4855,2.28,45.00,751.63,0.650,0.950,Success
Baseline_days,6,20.0,21.1668,4.5830,2.33,45.00,259.76,0.650,0.855,Success
Baseline_days,6,20.0,21.1668,5.4644,2.09,45.00,24.60,0.650,0.814,Success
Baseline_days,6,20.0,21.1668,4.8127,1.73,45.00,82.86,0.650,0.950,Success
Baseline_days,6,20.0,21.1668,5.5756,2.34,45.00,134.91,0.650,0.615,Success
Baseline_days,6,15.0,21.1668,3.7086,1.27,45.00,83.90,0.650,0.845,Success
Baseline_days,6,15.0,21.1668,7.7918,1.56,45.00,36.02,0.650,0.581,Success
Baseline_days,6,15.0,21.1668,3.4849,1.78,45.00,112.84,0.650,0.950,Success
Baseline_days,6,15.0,21.1668,0.7400,2.18,45.00,27.42,0.650,0.950,Success
Baseline_days,6,15.0,21.1668,5.2030,2.21,45.00,2081.66,0.650,0.937,Success
Baseline_days,6,15.0,21.1668,8.4961,2.40,45.00,212.19,0.650,0.950,Success
Baseline_days,6,15.0,21.1668,3.6027,2.45,45.00,397.47,0.650,0.950,Success
Baseline_days,6,15.0,21.1668,2.9526,2.27,45.00,782.74,0.650,0.950,Success
Baseline_days,6,15.0,21.1668,9.9488,2.25,45.00,43.32,0.650,0.370,Success
Baseline_days,6,15.0,21.1668,4.3845,1.81,45.00,121.20,0.650,0.760,Success
Baseline_days,6,15.0,21.1668,4.5583,1.48,45.00,604.03,0.650,0.950,Success
Baseline_days,6,15.0,21.1668,3.3975,1.97,45.00,352.52,0.650,0.950,Success
Baseline_days,6,15.0,21.1668,7.0453,2.48,45.00,37.74,0.650,0.176,Success
Baseline_days,6,15.0,21.1668,4.2142,2.22,45.00,737.51,0.650,0.950,Success
Baseline_days,6,15.0,21.1668,5.0062,1.48,45.00,475.19,0.650,0.950,Success
Baseline_days,6,15.0,21.1668,9.9027,2.38,45.00,623.51,0.650,0.721,Success
Baseline_days,6,15.0,21.1668,3.5454,2.17,45.00,123.04,0.650,0.850,Success
Baseline_days,6,15.0,21.1668,9.1561,2.46,45.00,1707.80,0.650,0.812,Success
Baseline_days,6,15.0,21.1668,4.8349,2.35,45.00,41.52,0.650,0.208,Success
Baseline_days,6,15.0,21.1668,13.9446,2.00,45.00,151.23,0.650,0.950,Success
Baseline_days,6,15.0,21.1668,11.8766,1.96,45.00,44.40,0.650,0.829,Success
Baseline_days,6,15.0,21.1668,2.6772,1.67,45.00,267.30,0.650,0.950,Success
Baseline_days,6,15.0,21.1668,13.5836,1.33,45.00,181.37,0.650,0.950,Success
Baseline_days,6,15.0,21.1668,6.4819,2.36,45.00,66.73,0.650,0.347,Success
Baseline_days,6,15.0,21.1668,11.8341,2.24,45.00,48.33,0.650,0.670,Success
Baseline_days,6,15.0,21.1668,10.2350,2.22,45.00,150.95,0.650,0.950,Success
Baseline_days,6,15.0,21.1668,3.9973,1.12,45.00,48.63,0.650,0.950,Success
Baseline_days,6,15.0,21.1668,5.5293,2.48,45.00,356.39,0.650,0.742,Success
Baseline_days,6,15.0,21.1668,9.2002,2.30,45.00,494.29,0.650,0.884,Success
Baseline_days,6,15.0,21.1668,4.6415,2.15,45.00,332.09,0.650,0.950,Success
Baseline_days,6,15.0,21.1668,10.2611,2.38,45.00,150.21,0.650,0.950,Success
Baseline_days,6,15.0,21.1668,9.5009,1.92,45.00,98.06,0.650,0.856,Success
Baseline_days,6,15.0,21.1668,2.9987,2.21,45.00,338.25,0.650,0.950,Success
Baseline_days,6,15.0,21.1668,3.7236,2.49,45.00,36.99,0.650,0.192,Success
Baseline_days,6,15.0,21.1668,2.5195,2.48,45.00,39.15,0.650,0.097,Success
Baseline_days,6,15.0,21.1668,4.9480,1.85,45.00,156.60,0.650,0.807,Success
Baseline_days,6,15.0,21.1668,10.1876,1.67,45.00,115.11,0.650,0.950,Success
Baseline_days,6,15.0,21.1668,2.7117,1.00,45.00,29.67,0.650,0.950,Success
Baseline_days,6,15.0,21.1668,9.3181,2.27,45.00,297.58,0.650,0.874,Success
Baseline_days,6,15.0,21.1668,2.9848,1.88,45.00,246.22,0.650,0.950,Success
Baseline_days,6,15.0,21.1668,3.5238,1.45,45.00,267.12,0.650,0.950,Success
Baseline_days,6,15.0,21.1668,3.0756,1.59,45.00,73.19,0.650,0.817,Success
Baseline_days,6,15.0,21.1668,12.6418,1.93,45.00,120.23,0.650,0.911,Success
Baseline_days,6,15.0,21.1668,4.5370,1.98,45.00,459.58,0.650,0.929,Success
Baseline_days,6,15.0,21.1668,12.0009,2.36,45.00,293.94,0.650,0.950,Success
Baseline_days,6,15.0,21.1668,3.7615,2.36,45.00,43.42,0.650,0.240,Success
Baseline_days,6,15.0,21.1668,4.9899,2.35,45.00,1082.00,0.650,0.950,Success
Baseline_days,6,15.0,21.1668,10.6553,2.29,45.00,182.16,0.650,0.950,Success
Baseline_days,6,15.0,21.1668,3.8612,2.00,45.00,45.45,0.650,0.608,Success
Baseline_days,6,15.0,21.1668,4.5037,2.36,45.00,50.30,0.650,0.431,Success
Baseline_days,6,15.0,21.1668,6.2702,2.48,45.00,401.27,0.650,0.801,Success
Baseline_days,6,15.0,21.1668,11.0358,1.12,45.00,45.83,0.650,0.709,Success
Baseline_days,6,15.0,21.1668,6.5336,2.02,45.00,419.29,0.650,0.836,Success
Baseline_days,6,15.0,21.1668,4.0603,2.50,45.00,32.29,0.650,0.240,Success
Baseline_days,6,15.0,21.1668,7.5520,2.48,45.00,45.61,0.650,0.368,Success
Baseline_days,6,15.0,21.1668,8.3850,2.49,45.00,1841.17,0.650,0.818,Success
Baseline_days,6,15.0,21.1668,13.2329,2.01,45.00,288.22,0.650,0.950,Success
Baseline_days,6,15.0,21.1668,6.4980,2.28,45.00,2517.63,0.650,0.950,Success
Baseline_days,6,15.0,21.1668,3.0760,2.25,45.00,812.77,0.650,0.950,Success
Baseline_days,6,15.0,21.1668,11.2194,2.23,45.00,138.12,0.650,0.950,Success
Baseline_days,6,15.0,21.1668,4.1944,2.13,45.00,176.20,0.650,0.950,Success
Baseline_days,6,15.0,21.1668,7.0623,2.11,45.00,158.76,0.650,0.858,Success
Baseline_days,6,15.0,21.1668,12.5532,2.12,45.00,174.14,0.650,0.950,Success
Baseline_days,6,15.0,21.1668,3.2039,2.11,45.00,578.01,0.650,0.950,Success
Baseline_days,6,15.0,21.1668,1.3882,2.19,45.00,195.17,0.650,0.950,Success
Baseline_days,6,15.0,21.1668,5.9854,1.72,45.00,36.40,0.650,0.950,Success
Baseline_days,6,15.0,21.1668,5.5654,1.26,45.00,29.97,0.650,0.650,Success
Baseline_days,6,15.0,21.1668,12.1665,1.81,45.00,158.50,0.650,0.950,Success
Baseline_days,6,15.0,21.1668,6.4740,2.10,45.00,117.29,0.650,0.950,Success
Baseline_days,6,15.0,21.1668,9.5597,2.46,45.00,70.74,0.650,0.950,Success
Baseline_days,6,10.0,21.1668,1.3330,1.64,45.00,18.35,0.650,0.899,Success
Baseline_days,6,10.0,21.1668,3.4171,1.69,45.00,414.32,0.650,0.950,Success
Baseline_days,6,10.0,21.1668,5.6807,2.15,45.00,1283.19,0.650,0.950,Success
Baseline_days,6,10.0,21.1668,2.0632,1.52,45.00,99.36,0.650,0.950,Success
Baseline_days,6,10.0,21.1668,1.0335,1.72,45.00,17.15,0.650,0.950,Success
Baseline_days,6,10.0,21.1668,3.1351,2.29,45.00,196.55,0.650,0.950,Success
Baseline_days,6,10.0,21.1668,4.4420,1.00,45.00,179.88,0.650,0.950,Success
Baseline_days,6,10.0,21.1668,1.4303,1.29,45.00,7.72,0.650,0.950,Success
Baseline_days,6,10.0,21.1668,1.6471,2.26,45.00,51.94,0.650,0.766,Success
Baseline_days,6,10.0,21.1668,4.7612,2.06,45.00,1468.26,0.650,0.950,Success
Baseline_days,6,10.0,21.1668,0.8640,1.70,45.00,22.99,0.650,0.950,Success
Baseline_days,6,10.0,21.1668,4.5256,1.46,45.00,188.69,0.650,0.950,Success
Baseline_days,6,10.0,21.1668,2.9076,1.55,45.00,147.64,0.650,0.732,Success
Baseline_days,6,10.0,21.1668,3.4156,2.29,45.00,361.83,0.650,0.950,Success
Baseline_days,6,10.0,21.1668,2.1258,1.76,45.00,80.75,0.650,0.950,Success
Baseline_days,6,10.0,21.1668,5.8654,1.72,45.00,284.32,0.650,0.950,Success
Baseline_days,6,10.0,21.1668,2.0021,1.58,45.00,43.86,0.650,0.896,Success
Baseline_days,6,10.0,21.1668,4.2675,1.95,45.00,792.88,0.650,0.939,Success
Baseline_days,6,10.0,21.1668,3.1857,1.41,45.00,315.89,0.650,0.950,Success
Baseline_days,6,10.0,21.1668,3.1002,2.41,45.00,131.14,0.650,0.753,Success
Baseline_days,6,10.0,21.1668,4.1031,1.51,45.00,209.81,0.650,0.950,Success
Baseline_days,6,10.0,21.1668,3.3951,1.78,45.00,22.22,0.650,0.907,Success
Baseline_days,6,10.0,21.1668,2.0647,2.48,45.00,473.89,0.650,0.691,Success
Baseline_days,6,10.0,21.1668,1.7770,1.93,45.00,121.62,0.650,0.871,Success
Baseline_days,6,10.0,21.1668,1.2221,2.04,45.00,43.59,0.650,0.950,Success
Baseline_days,6,10.0,21.1668,2.8337,2.37,45.00,31.36,0.650,0.578,Success
Baseline_days,6,10.0,21.1668,2.4081,1.72,45.00,265.37,0.650,0.866,Success
Baseline_days,6,10.0,21.1668,2.5080,1.78,45.00,106.41,0.650,0.778,Success
Baseline_days,6,10.0,21.1668,4.5922,0.80,45.00,73.35,0.650,0.950,Success
Baseline_days,6,10.0,21.1668,2.1148,2.27,45.00,172.29,0.650,0.898,Success
Baseline_days,6,10.0,21.1668,3.2474,1.77,45.00,33.24,0.650,0.887,Success
Baseline_days,6,10.0,21.1668,1.8891,2.31,45.00,113.32,0.650,0.676,Success
Baseline_days,6,10.0,21.1668,3.6574,1.62,45.00,55.42,0.650,0.950,Success
Baseline_days,6,10.0,21.1668,3.0258,2.29,45.00,83.54,0.650,0.726,Success
Baseline_days,6,10.0,21.1668,5.2926,1.94,45.00,96.20,0.650,0.868,Success
Baseline_days,6,10.0,21.1668,2.7116,2.50,45.00,21.35,0.650,0.215,Success
Baseline_days,6,10.0,21.1668,2.9824,2.44,45.00,46.93,0.650,0.599,Success
Baseline_days,6,10.0,21.1668,4.8305,1.37,45.00,166.90,0.650,0.950,Success
Baseline_days,6,10.0,21.1668,4.9217,2.46,45.00,32.50,0.650,0.408,Success
Baseline_days,6,10.0,21.1668,5.3486,2.25,45.00,73.77,0.650,0.746,Success
Baseline_days,6,10.0,21.1668,5.6327,1.89,45.00,272.27,0.650,0.804,Success
Baseline_days,6,10.0,21.1668,5.6352,2.41,45.00,311.35,0.650,0.752,Success
Baseline_days,6,10.0,21.1668,3.4008,1.61,45.00,197.80,0.650,0.950,Success
Baseline_days,6,10.0,21.1668,3.4018,2.08,45.00,90.60,0.650,0.654,Success
Baseline_days,6,10.0,21.1668,5.7143,2.27,45.00,115.53,0.650,0.950,Success
Baseline_days,6,10.0,21.1668,2.9983,1.72,45.00,84.28,0.650,0.838,Success
Baseline_days,6,10.0,21.1668,5.0307,0.85,45.00,18.83,0.650,0.733,Success
Baseline_days,6,10.0,21.1668,2.1692,2.27,45.00,163.60,0.650,0.950,Success
Baseline_days,6,10.0,21.1668,2.6234,1.41,45.00,13.04,0.650,0.950,Success
Baseline_days,6,10.0,21.1668,4.3611,1.18,45.00,266.39,0.650,0.950,Success
Baseline_days,6,10.0,21.1668,2.1640,2.10,45.00,76.38,0.650,0.950,Success
Baseline_days,6,10.0,21.1668,4.2851,1.42,45.00,54.11,0.650,0.885,Success
Baseline_days,6,10.0,21.1668,2.3762,1.90,45.00,38.02,0.650,0.950,Success
Baseline_days,6,10.0,21.1668,3.2882,1.90,45.00,285.20,0.650,0.950,Success
Baseline_days,6,10.0,21.1668,2.3632,1.40,45.00,97.46,0.650,0.836,Success
Baseline_days,6,10.0,21.1668,3.6840,1.48,45.00,76.64,0.650,0.950,Success
Baseline_days,6,10.0,21.1668,6.0810,1.99,45.00,989.97,0.650,0.950,Success
Baseline_days,6,10.0,21.1668,2.1395,2.37,45.00,907.76,0.650,0.950,Success
Baseline_days,6,10.0,21.1668,4.4996,1.62,45.00,30.93,0.650,0.817,Success
Baseline_days,6,10.0,21.1668,3.2458,1.20,45.00,187.83,0.650,0.950,Success
Baseline_days,6,10.0,21.1668,3.1078,2.49,45.00,22.78,0.650,0.522,Success
Baseline_days,6,10.0,21.1668,5.1868,1.56,45.00,27.82,0.650,0.950,Success
Baseline_days,6,10.0,21.1668,2.5017,2.29,45.00,19.51,0.650,0.539,Success
Baseline_days,6,10.0,21.1668,3.7215,2.23,45.00,89.50,0.650,0.950,Success
Baseline_days,6,10.0,21.1668,1.6675,2.36,45.00,255.02,0.650,0.918,Success
Baseline_days,6,10.0,21.1668,1.7374,1.88,45.00,18.13,0.650,0.557,Success
Baseline_days,6,10.0,21.1668,4.1190,2.44,45.00,958.28,0.650,0.950,Success
Baseline_days,6,10.0,21.1668,2.3663,1.85,45.00,276.04,0.650,0.905,Success
Baseline_days,6,10.0,21.1668,1.5253,2.28,45.00,11.56,0.650,0.383,Success
Baseline_days,6,10.0,21.1668,6.3719,1.04,45.00,129.31,0.650,0.950,Success
Baseline_days,6,5.0,21.1668,0.6650,2.02,45.00,18.12,0.650,0.950,Success
Baseline_days,6,5.0,21.1668,2.3988,1.47,45.00,22.32,0.650,0.831,Success
Baseline_days,6,5.0,21.1668,1.2185,2.36,45.00,6.61,0.650,0.411,Success
Baseline_days,6,5.0,21.1668,1.5023,1.25,45.00,101.93,0.650,0.950,Success
Baseline_days,6,5.0,21.1668,2.7249,2.32,45.00,88.62,0.650,0.933,Success
Baseline_days,6,5.0,21.1668,3.0604,1.35,45.00,206.96,0.650,0.950,Success
Baseline_days,6,5.0,21.1668,2.5185,1.02,45.00,8.78,0.650,0.950,Success
Baseline_days,6,5.0,21.1668,2.6297,2.19,45.00,76.08,0.650,0.731,Success
Baseline_days,6,5.0,21.1668,2.1486,0.91,45.00,8.22,0.650,0.950,Success
Baseline_days,6,5.0,21.1668,1.6304,2.36,45.00,11.60,0.650,0.405,Success
Baseline_days,6,5.0,21.1668,1.8145,1.89,45.00,26.34,0.650,0.871,Success
Baseline_days,6,5.0,21.1668,2.0057,2.17,45.00,54.69,0.650,0.743,Success
Baseline_days,6,5.0,21.1668,0.8188,1.98,45.00,80.80,0.650,0.950,Success
Baseline_days,6,5.0,21.1668,0.8791,2.26,45.00,87.61,0.650,0.950,Success
Baseline_days,6,5.0,21.1668,1.0193,2.46,45.00,153.16,0.650,0.764,Success
Baseline_days,6,5.0,21.1668,2.5961,2.25,45.00,51.52,0.650,0.813,Success
Baseline_days,6,5.0,21.1668,2.9350,2.00,45.00,221.35,0.650,0.950,Success
Baseline_days,6,5.0,21.1668,0.8322,2.48,45.00,221.06,0.650,0.950,Success
Baseline_days,6,5.0,21.1668,1.5006,2.27,45.00,152.47,0.650,0.950,Success
Baseline_days,6,5.0,21.1668,1.8324,1.29,45.00,14.09,0.650,0.950,Success
Baseline_days,6,5.0,21.1668,2.8921,2.45,45.00,10.04,0.650,0.709,Success
Baseline_days,6,5.0,21.1668,1.7310,2.47,45.00,5.32,0.650,0.487,Success
Baseline_days,6,5.0,21.1668,1.2379,1.64,45.00,49.55,0.650,0.950,Success
Baseline_days,6,5.0,21.1668,1.7340,2.49,45.00,97.89,0.650,0.897,Success
Baseline_days,6,5.0,21.1668,1.4709,1.75,45.00,68.04,0.650,0.950,Success
Baseline_days,6,5.0,21.1668,2.3002,1.92,45.00,94.62,0.650,0.914,Success
Baseline_days,6,5.0,21.1668,2.8089,2.46,45.00,11.14,0.650,0.165,Success
Baseline_days,6,5.0,21.1668,3.0705,1.53,45.00,9.49,0.650,0.653,Success
Baseline_days,6,5.0,21.1668,1.6785,2.34,45.00,136.51,0.650,0.772,Success
Baseline_days,6,5.0,21.1668,1.3427,1.55,45.00,29.65,0.650,0.795,Success
Baseline_days,6,5.0,21.1668,1.9764,1.75,45.00,7.82,0.650,0.950,Success
Baseline_days,6,5.0,21.1668,2.0980,2.06,45.00,171.43,0.650,0.867,Success
Baseline_days,6,5.0,21.1668,4.1509,0.74,45.00,8.75,0.650,0.645,Success
Baseline_days,6,5.0,21.1668,2.1423,2.29,45.00,52.31,0.650,0.906,Success
Baseline_days,6,5.0,21.1668,2.2683,2.47,45.00,196.15,0.650,0.726,Success
Baseline_days,6,5.0,21.1668,2.5891,1.81,45.00,7.58,0.650,0.520,Success
Baseline_days,6,5.0,21.1668,2.5075,2.10,45.00,12.91,0.650,0.950,Success
Baseline_days,6,5.0,21.1668,1.1972,1.81,45.00,37.66,0.650,0.891,Success
Baseline_days,6,5.0,21.1668,2.2138,1.96,45.00,95.82,0.650,0.950,Success
Baseline_days,6,5.0,21.1668,2.1140,2.15,45.00,42.34,0.650,0.819,Success
Baseline_days,6,5.0,21.1668,1.1938,1.95,45.00,20.65,0.650,0.920,Success
Baseline_days,6,5.0,21.1668,1.3330,1.56,45.00,72.39,0.650,0.950,Success
Baseline_days,6,5.0,21.1668,2.5913,2.40,45.00,167.43,0.650,0.950,Success
Baseline_days,6,5.0,21.1668,2.2934,2.16,45.00,164.03,0.650,0.792,Success
Baseline_days,6,5.0,21.1668,1.0211,1.51,45.00,8.07,0.650,0.628,Success
Baseline_days,6,5.0,21.1668,1.6723,2.14,45.00,1588.62,0.650,0.950,Success
Baseline_days,6,5.0,21.1668,1.1207,1.39,45.00,62.64,0.650,0.950,Success
Baseline_days,6,5.0,21.1668,1.4026,2.22,45.00,5.14,0.650,0.232,Success
Baseline_days,6,5.0,21.1668,2.1758,1.11,45.00,106.41,0.650,0.833,Success
Baseline_days,6,5.0,21.1668,3.2158,2.44,45.00,8.31,0.650,0.436,Success
Baseline_days,6,5.0,21.1668,1.5440,1.83,45.00,9.72,0.650,0.832,Success
Baseline_days,6,5.0,21.1668,2.0899,1.00,45.00,20.61,0.650,0.950,Success
Baseline_days,6,5.0,21.1668,3.1080,2.39,45.00,28.22,0.650,0.913,Success
Baseline_days,6,5.0,21.1668,0.9580,1.99,45.00,14.51,0.650,0.930,Success
Baseline_days,6,5.0,21.1668,2.8316,2.33,45.00,79.58,0.650,0.737,Success
Baseline_days,6,5.0,21.1668,1.4624,2.18,45.00,12.20,0.650,0.609,Success
Baseline_days,6,5.0,21.1668,2.3740,2.40,45.00,11.59,0.650,0.474,Success
Baseline_days,6,5.0,21.1668,2.7549,1.17,45.00,255.42,0.650,0.950,Success
Baseline_days,6,5.0,21.1668,3.1304,1.81,45.00,101.04,0.650,0.894,Success
Baseline_days,6,5.0,21.1668,2.3105,2.26,45.00,110.76,0.650,0.798,Success
Baseline_days,6,5.0,21.1668,2.2486,2.42,45.00,7.31,0.650,0.240,Success
Baseline_days,6,5.0,21.1668,1.7047,1.27,45.00,8.72,0.650,0.877,Success
Baseline_days,6,5.0,21.1668,2.3374,1.70,45.00,10.23,0.650,0.773,Success
Baseline_days,6,5.0,21.1668,0.8456,2.33,45.00,10.27,0.650,0.467,Success
Baseline_days,6,5.0,21.1668,2.4539,1.61,45.00,24.65,0.650,0.855,Success
Baseline_days,6,5.0,21.1668,2.7596,0.77,45.00,20.48,0.650,0.892,Success
Baseline_days,6,5.0,21.1668,1.4039,1.86,45.00,68.30,0.650,0.950,Success
Baseline_days,6,5.0,21.1668,0.7566,2.13,45.00,91.57,0.650,0.950,Success
Baseline_days,6,5.0,21.1668,2.1927,2.09,45.00,72.47,0.650,0.737,Success
Baseline_days,6,5.0,21.1668,3.1072,1.94,45.00,297.91,0.650,0.950,Success
